id,gender bias,racial bias,text-level context bias,political bias,hate speech,linguistic bias
"606,ktjfene,""How's Biden been doing with the younger votes, that's the group I'm worried stays home in November"",1709686194,t3_1b75ytt,top_level",0,0,0,0,0,0
"9184,kuvnw27,Nano machines for all Helldivers,1710443749,t3_1bel2a5,top_level",0,0,0,0,0,0
"284,ksq9v8z,You sound just as bad as the right-wing accelerationists.,1709230631,t3_1b36dzi,top_level",0,0,0,1,0,1
"4501,ks8s9tx,""Pink Panther was born in France, no?"",1708967930,t3_1ay2j26,top_level",0,0,0,0,0,0
"2325,kv8qm3z,""No. Pence is just a stubborn, disloyal dick"",1710652052,t3_1bfsauh,top_level",0,0,0,1,0,1
"9123,ktchuay,Wow this party is so against everything American it‚Äôs sickening.,1709583733,t3_1b6gnk0,top_level",0,0,0,0,0,1
"8079,ktdvhe3,Im an independent and i cant wait to vote for Trump.,1709601109,t3_1b6cxba,top_level",0,0,0,1,0,1
"9802,kvr8ha8,Why am I not surprised?...,1710953276,t3_1bjggf8,top_level",0,0,0,0,0,0
"8599,kugs8a6,""Discussing the real issues, love it."",1710210503,t3_1bck71q,top_level",0,0,0,0,0,0
"5019,ksck7z4,""Lower points for the all black all-round, but spas 12 wins because spas 12"",1709021813,t3_1b0z4g7,top_level",0,1,0,0,0,1
"867,ktjhogf,""Rss/bjp started implanting their people in indian government since 50s, what you are experiencing today is a result of years of infiltration and work by these sleeper cells"",1709687064,t3_1b71128,top_level",0,0,1,1,0,1
"6814,ktoel5e,""It would be more insane to vote for an extreme right winger. At least this we, we maintain balance."",1709763594,t3_1b8b1vx,top_level",0,0,1,1,0,1
"2162,kwd6hrj,""Well, that didn't age well. XD"",1711301564,t3_1bktshc,top_level",0,0,0,0,0,0
"8520,kuh4w56,Just make the work days shorter and we wouldn't have to worry about any of this.,1710216220,t3_1bck71q,top_level",0,0,0,0,0,0
"7786,kuozx4i,""old glavenus for sure, used to have it as my ringtone but it was a bit intense for that, use it as an alarm sometimes tho"",1710345907,t3_1bdpm6r,top_level",0,0,0,0,0,0
"1772,kve9kkx,""Surprise, Russians who left Russia do not vote for Putin. Never saw that coming"",1710745893,t3_1bhklzk,top_level",0,0,0,1,0,1
"7629,kuse4f7,5 or 8 due to her affair with snow.,1710388965,t3_1be5uh1,top_level",0,0,0,0,0,0
"7437,kuzyqqs,""Mail in ballots should be fully traceable back to the voter. Every mailed in ballot should have the voter‚Äôs name and address listed on it. You want the luxury of mailing in a ballot? Fine, but you lose the privacy rights of voting."",1710514301,t3_1bf23jq,top_level",0,0,1,0,0,0
"3176,kvc7tfd,Twice as many candidates as the US,1710711111,t3_1bh6b6j,top_level",0,0,0,0,0,0
"7514,krxqxep,thanks for supporting the 3rd competitor man,1708792227,t3_1ayu6wp,top_level",0,0,0,0,0,0
"5322,kveaeb2,Really like the Dark Magic one.,1710746531,t3_1bgtdi1,top_level",0,0,0,0,0,0
"6226,ksk57mb,""I really want someone to adapt the rest of Barakamon, there is plenty of manga left."",1709139668,t3_1b277e0,top_level",0,0,0,0,0,0
"7947,kt6fsku,*money laundering accelerates*,1709489356,t3_1b5ivug,top_level",0,0,0,0,0,0
"3728,ktbjdag,""Ah, the good old days from before I was born when we had somebody playing quite a bit for Barcelona and Real Madrid‚Ä¶"",1709571805,t3_1b6ez21,top_level",0,0,0,0,0,0
"903,kulk13i,""I wonder how much of these Haley votes are just Dems in Disguise votes simply voting against Trump. Because if that's a large percentage, then that actually makes it seem worse for Trump than it is."",1710286168,t3_1bd27xz,top_level",0,0,1,1,0,1
"5909,ks2ljqc,""I like punk music, but if they can focus their ire on corporations and overseas or historical dictators rather than modern, domestic ones‚Ä¶ I‚Äôd really prefer that."",1708872419,t3_1azk4zb,top_level",0,0,0,0,0,0
"754,kshwzko,A whole bunch of doomers in this thread.,1709099296,t3_1b1min1,top_level",0,0,0,0,0,1
"2889,kvp6fl9,What year is it?,1710917179,t3_1bixr3y,top_level",0,0,0,0,0,0
"6916,kvhe6a9,My brain is not braining,1710795343,t3_1bh0svk,top_level",0,0,0,0,0,0
"3806,ktbud1i,Just for context. Ballon D'or now compared to back then was just a magazine award. FIFA WPOTY was the biggest football award for decades until mid 00s when it became a gala event.,1709575899,t3_1b6ez21,top_level",0,0,0,0,0,0
"5931,ks2te00,And if you are in line to vote in Georgia remember to bring your own water because if anyone else gives you water they'll be arrested!,1708875435,t3_1azk4zb,top_level",0,0,0,0,0,0
"7442,krwz2bw,Good job mate! We need a third party. I hope the Arc works for you.,1708780925,t3_1ayu6wp,top_level",0,0,0,0,0,0
"8294,kta6b47,I though only politicians could do that.,1709550995,t3_1b67hdi,top_level",0,0,0,0,0,0
"5420,krg3asx,Conservatives call him liberal Larry‚Ä¶‚Ä¶,1708522600,t3_1avjiz1,top_level",0,0,0,1,0,1
"5068,ksi2npz,Imma steal and use this type of presentation for the future if you don‚Äôt mind,1709102647,t3_1b0z4g7,top_level",0,0,0,0,0,0
"292,ksqj0m5,Watch the world burn.,1709233635,t3_1b36dzi,top_level",0,0,0,0,0,0
"4393,kruh0tt,I fully support his kill all humans policy,1708732597,t3_1ay2j26,top_level",0,0,0,0,0,1
"7396,kuzd6fp,""Good enough for the military, isn‚Äôt it?"",1710506030,t3_1bf23jq,top_level",0,0,0,0,0,0
"1445,kv04s9a,So when's the second round?,1710516409,t3_1bf8kcl,top_level",0,0,0,0,0,0
"3323,krr5pyk,I can‚Äôt figure out if this guy is real or not?,1708690313,t3_1axyd4c,top_level",0,0,0,0,0,0
"7601,kurnv1y,I couldn‚Äôt name a Taylor Swift song but for this reason alone I am a big Taylor Swift fan!,1710378311,t3_1bdw2kg,top_level",0,0,0,0,0,0
"10821,kvd1ssa,It might be you‚Ä¶.,1710722572,t3_1bdi2lh,top_level",0,0,0,0,0,0
"7596,kwep422,Learn a skill and get good at it. I dropped out of college but made a career in sales,1711321331,t3_1bmtbki,top_level",0,0,0,0,0,0
"7364,kvjhvlb,Maybe but my college requires a smartphone for two factor authentication. Not to mention the countless photos I've taken using a phone and emailing them to myself.,1710826745,t3_1bhtjhi,top_level",0,0,0,0,0,0
"7115,kszazba,Are you afraid to fuck with someone in the room?,1709370969,t3_1b4czvf,top_level",0,0,0,0,0,1
"6700,kwu80vj,""Williams, Stevens, William and Mary. Also StaMford, not Stanford and University of advancing technology."",1711565445,t3_1bp89zu,top_level",0,0,0,0,0,0
"6525,ktj766t,""How did the police not pursue charges?  Carmen was a child. Those boys should have all been locked up and registered as sex offenders. Pictures of her injuries, along with bystander testimony (the ones that called the cops), and the police officers‚Äô reports should have been enough to lock them up."",1709683023,t3_1b7g141,top_level",0,0,0,0,0,0
"6149,kwtdigi,Students have the least leverage relative to how many of them there are and how much money can be obtained from each.,1711555497,t3_1bp54ys,top_level",0,0,0,0,0,0
"5962,kumjanv,""Nothing guarantees you a high-paying job, except being a child of the president."",1710299926,t3_1bdfhto,top_level",0,0,0,0,0,0
"5603,kt6txuq,Be kinda neat if everyone was mad at UNA for being greedy and ruining college football‚Ä¶‚Ä¶maybe one day!,1709494343,t3_1b5nglf,top_level",0,0,1,0,0,1
"5260,kvoc3or,He was near courtside for the men's big 12 championship game on Saturday lol,1710900748,t3_1bj1c0x,top_level",0,0,0,0,0,0
"4988,kvidsju,""This list has looked the same for at least two decades, probably longer. Stop majoring in this shit. I make good money and believe me, I did not major in any of these shit majors."",1710808265,t3_1bhtrgz,top_level",0,0,1,0,0,1
"4705,kup9c6c,I think a lot of professors (not all but many) and would be willing to work with you on deadlines especially if you give them a heads up ahead of time as opposed to asking for extensions late. And many colleges will help with accommodations and you should see if they can help there too!,1710348982,t3_1bdsoij,top_level",0,0,0,0,0,0
"27754,kthns6m,#19 is a solid choice!,1709664209,t3_1b77bqn,top_level",0,0,0,0,0,0
"20455,ktsi7gi,""Maybe the top pure hitter since 1950, IMO.  If you needed someone to get you a hit in a crucial situation, I am not choosing anyone over Tony Gwynn."",1709831828,t3_1b8vol7,top_level",0,0,0,0,0,0
"21581,ku8j5dz,It depends on how you define success.,1710087841,t3_1bbd1uf,top_level",0,0,0,0,0,0
"13808,kwph0i1,This is insane to me. I could've done a better job at 18 before having ever even stood on a roof.,1711489544,t3_1bod1n7,top_level",0,0,0,0,0,0
"13412,kukh0lp,Conservatives nutting to Shapiro rn,1710272669,t3_1bd5r88,top_level",0,0,0,1,0,0
"13354,kwi486q,Do you know how much heat they use each m2? And how hot does the stone gets?,1711382642,t3_1bnd1z0,top_level",0,0,0,0,0,0
"13284,kx0r6my,""‚ÄúPut you in a cage? Baby, I‚Äôm about to set you free!‚Äù"",1711662834,t3_1bq63po,top_level",0,0,0,0,0,0
"13225,kto0zfd,Ironic,1709759089,t3_1b7ud4s,top_level",0,0,0,0,0,0
"13146,ktm54ml,You just gendered the AI,1709736601,t3_1b7ud4s,top_level",0,0,0,0,0,1
"7437,ktcg04w,Is this the modern American Pie movies?,1709583139,t3_1b6fmvi,top_level",0,0,0,0,0,0
"7374,kvlrb45,Leave your phone at home while you‚Äôre at class.,1710868073,t3_1bhtjhi,top_level",0,0,0,0,0,0
"12421,kuavmwd,In honor of what? Why is that censored?,1710118142,t3_1b7mvhp,top_level",0,0,0,0,0,0
"12646,kvoe604,Could probably sell that to some maga person for $20,1710901583,t3_1biy1y9,top_level",0,0,0,1,0,0
"17878,ktjo0dj,""Assuming MSP? If its a medium/large log time for everything, management doesn't care about anything else"",1709689497,t3_1b7m7zo,top_level",0,0,0,0,0,0
"25331,kszl5k3,""Love Manchester Orchestra, great montage."",1709378615,t3_1b4ip45,top_level",0,0,0,0,0,0
"21577,kuc8ajm,""Killer Mike took home a Grammy at 48. The rules are different now. It‚Äôs about the quality of the music. And if you‚Äôre 40, don‚Äôt make music for 18 year olds. There‚Äôs plenty of people your own age out there wanting something real."",1710143849,t3_1bbd1uf,top_level",0,0,0,0,0,0
"21501,kupwj71,Do we realize that this' been a bug in the game for a good few months now?,1710356516,t3_1bd7ceq,top_level",0,0,0,0,0,0
"20786,kwf7jjq,I think the beginning of the end was her affair with Russell Crowe,1711328500,t3_1bmwoif,top_level",0,0,0,0,0,0
"20702,kuraxzc,Who the fuck would watch that,1710373575,t3_1bduz5p,top_level",0,0,0,0,0,0
"16112,kwu4z6h,""Just say that you worked for Twitter for those nine months. Twitter, sorry, X doesn't have an HR department, and no one will be there when they reach out."",1711564442,t3_1bp2mmn,top_level",0,0,0,0,0,0
"11251,kvqe4xc,Actually feels like watching a properly edited YouTube video or small documentary. Nice job!,1710943021,t3_1bjc4ay,top_level",0,0,0,0,0,0
"4933,kvh17gn,Very few degrees get paid 6 figures 5 years after graduating,1710790969,t3_1bhtrgz,top_level",0,0,0,0,0,0
"1265,ktyyd6n,Odds we get the lowman trophy (top FB) from the pardon my take boys. Would be kinda neat to have it in game,1709930483,t3_1b9pzb0,top_level",0,0,0,0,0,0
"7,kwteiqo,""I feel attacked right now, I‚Äôm eating a banana üçå"",1711555837,t3_1bp3ti3,top_level",0,0,0,0,0,0
"3410,kv2rfx8,John Brown was a hero,1710550147,t3_1bfi2ae,top_level",0,0,0,0,0,0
"3498,kvva9uh,""It looks amazing. What is considered """"too much"""" is entirely dependent on what you feel comfortable with. There's always people who will comment, but in my experience, most are of admiration for the outfits and not ones of negativity, so if it is something you want to do, I say go for it."",1711016998,t3_1bk1217,top_level",0,0,0,0,0,0
"3902,kte4c5c,College is not for everyone but I am very glad that I stuck it out and got my degree. I have never regretted it.,1709604513,t3_1b6d8mi,top_level",0,0,0,0,0,0
"4068,ktprd34,""Mileena, I like her a lot as a character and I would want to say yes however, I don‚Äôt want to be at risk for catching tarkat so, I‚Äôm sorry but no I would not share that with her"",1709782278,t3_1b86fkg,top_level",0,0,0,0,0,0
"4088,ktqgkm4,""With kenshi and johnny, fuck yeah dude"",1709795117,t3_1b86fkg,top_level",0,0,0,0,0,1
"7500,ktt3qyd,he's the figurehead for hate, it doesn't matter,1709839616,t3_1b8slxr,top_level",0,0,0,0,0,1
"7762,kv9usrj,I was good at math and English but terrible in science and history, too much lengthy memorizing.,1710679838,t3_1bglje0,top_level",0,0,0,0,0,0
"6585,ku3njdp,Imagine we get another tota style league. LOGOUT dude,1710006932,t3_1bafal3,top_level",0,0,0,0,0,0
"9141,kvkwvsb,First pregnancy I had zero. I had my positive tests around 4 weeks, then before my first OB appt at 10 weeks I took another one cause I had absolutely zero symptoms (I was still pregnant!) all good.,1710857494,t3_1bi79wo,top_level",0,0,0,0,0,0
"2017,kuyhlbi,70, haven√¢‚Ç¨‚Ñ¢t had it . Up on all boosters. I don√¢‚Ç¨‚Ñ¢t go out a lot . Generally wear mask in stores except cafes. See grandkids every day. No one in our household has had it.,1710485462,t3_1bf22ot,top_level",0,0,0,0,0,0
"1925,kuxtrsp,63F, never had it (but fully vaxxed). Most people I know have had it, including my son, who still lives with me.,1710472092,t3_1bf22ot,top_level",0,0,0,0,0,0
"6150,kuuhxnq,It√¢‚Ç¨‚Ñ¢s different because it really makes no sense, but first I saw it √¢‚Ç¨Àú I couldn√¢‚Ç¨‚Ñ¢t look away at it,1710429955,t3_1beklcp,top_level",0,0,0,0,0,0
"8177,ks1c7vs,My random attacks where my heart rate skyrockets, BP, tremors, shaking, doom and the feeling of blackout coming. People call it adrenaline dump or histamine dumps. Don√¢‚Ç¨‚Ñ¢t know what it is honestly.,1708844746,t3_1azap75,top_level",0,0,0,0,0,0
"5872,kszgbsa,**There's a wonderful sub dedicated to Tunisian crochet. Check it out!**
 
 #**r/Tunisian_crochet**
 
 *I am a bot, and this action was performed automatically. Please [contact the moderators of this subreddit](/message/compose/?to=/r/crochet) if you have any questions or concerns.*,1709375038,t3_1b4l7aq,top_level",0,0,0,0,0,0
"4191,krfegl3,I dont know if I've had it or not, I have chronic non-allergic rhinitis/ post nasal drip, so may have had it and not realised. Havent had any of the other symptoms,1708508150,t3_1avy5x5,top_level",0,0,0,0,0,0
"2282,kuaybit,$20 says he picked up the c-diff in the hospital and not from the √¢‚Ç¨≈ìCovid ear√¢‚Ç¨¬ù antibiotics √∞≈∏‚Ñ¢‚Äû√∞≈∏‚Ñ¢‚Äû anything to blame the condition on the doctor,1710119216,t3_1bbfr4w,top_level",0,0,0,0,0,0
"6280,kv0jceb,This is absolutely insane,1710521328,t3_1bfhi0a,top_level",0,0,0,0,0,0
"1727,ktk46n2,Dudes arms must be so sore.,1709695923,t3_1b7i6pv,top_level",0,0,0,0,0,0
"6543,ku2a8b6,I really dislike sanctum. I dont know about you guys but I dont like being forced to build for an entire mechanic so therefore i avoid it.,1709988070,t3_1bafal3,top_level",0,0,0,0,0,0
"10875,kv2no9n,Long COVID √¢‚Ç¨Àúindistinguishable√¢‚Ç¨‚Ñ¢ from other post-viral syndromes a year after infection
 
 https://www.eurekalert.org/news-releases/1037611?utm_source=substack&utm_medium=email,1710548646,t3_1bfemmb,top_level",0,0,0,0,0,0
"1899,kuxpq0o,I haven't gotten it yet. I work in a PT clinic and am amazed I haven't. I've had the shot and all the boosters and will get the new one that will come out later this year. I still believe it's just a matter of time.,1710470360,t3_1bf22ot,top_level",0,0,0,0,0,0
"5867,kttk489,Does it hurt when you pull on the last joint (applying pressure as if you√¢‚Ç¨‚Ñ¢re hanging off a ledge)?,1709845533,t3_1b929fe,top_level",0,0,0,0,0,0
"4544,ktz4dmd,It sure would make me more comfortable if everyone was allowed to be on a 6-month schedule. Right now I anecdotally know a lot of people catching it again, even when caught up with the fall dose. And everyone's symptoms have still been miserable.,1709932517,t3_1b9nlnc,top_level",0,0,0,0,0,0
"1551,kufkq1f,you know i've heard that that increases blood viscosity. at 200+ jabs, that person's blood is going to be like hi-temp grease,1710194290,t3_1bc5kyq,top_level",0,0,0,0,0,0
"10713,ksv05xt,This is probably one of the most √¢‚Ç¨≈ìno shit Sherlock√¢‚Ç¨¬ù articles I√¢‚Ç¨‚Ñ¢ve seen. This season is practically 6 MONTHS LONG with not much being introduced until Final Shape. So of course there will be huge lulls in player count.
 
 This just in, the floor is made out of floor.,1709306169,t3_1b3o8qj,top_level",0,0,1,0,0,1
"1602,ktj4ufe,So I bought that unvaxxxed sperm for NO REASON?,1709682138,t3_1b7i6pv,top_level",0,0,0,0,0,1