videoId,id,textDisplay,likeCount,publishedAt,totalReplyCount,domain,genderBias,racialBias,hateSpeech,linguisticBias,textLevelContentBias,politicalBias,cognitiveBias
qBt_H4Gc-rU,UgzUjyzkxm_v3WvLV1J4AaABAg,Oh I thought I was supposed to put the swab all the way in my nose üíÄ,1.0,2021-11-05T19:34:50Z,0.0,healthcare,0.0,0.0,0.0,0.0,0.0,0.0,0.0
im3otpqYAiQ,UgxIDs2Fdw3gR6wE9Mp4AaABAg,42 days my A$$! What about neuropathy? Are they uninterested? Cover up?,0.0,2024-02-20T00:25:10Z,0.0,healthcare,0.0,0.0,0.0,1.0,1.0,0.0,0.0
9XoI5jF1qoA,UgwbxrIMUMwlY8hCO3F4AaABAg,Im 47 and have been going to the dr for two years for all these symptoms.  Never have they said i may be perimenopausal ... üôÉ Even tho i pms three weeks w month with spyratic periods.  Im losing my baby maker and nobody told me üôÉ. Irritable eadily agitated and super emotional.  Im surrounded by idiots amd most wimen can probably relate.  ü§∑üèΩüíØ,3.0,2019-07-09T19:09:19Z,1.0,healthcare,1.0,0.0,0.0,1.0,1.0,0.0,0.0
Bz4fn2QFO_A,UgyXrwXqnvOEOHEUxVV4AaABAg,CBD WORKS BETTER IN CONCERT WITH OTHER CANNABINOIDS YOU GOOBER<br><br>STOP DOING YOUR HALF SCIENCE,0.0,2023-04-30T20:28:07Z,0.0,healthcare,0.0,0.0,0.0,0.0,0.0,0.0,0.0
h4yfVpHQjCY,Ugwh33cwN3tvmHAqfRt4AaABAg,Nothing to see here,0.0,2022-09-23T21:12:27Z,0.0,healthcare,0.0,0.0,0.0,0.0,0.0,0.0,0.0
R6EFevkcPr4,UgwOwiGrncY2kdhg-SB4AaABAg,This video is very competent and informative.  Thank you for helping me track my recovery with your scale.,0.0,2021-11-21T14:00:16Z,0.0,healthcare,0.0,0.0,0.0,0.0,0.0,0.0,0.0
sidjKoHS6NE,UgzYOkA8jH4pIn2Hidl4AaABAg,What about getting a booster if you are 96?,0.0,2023-01-25T23:32:40Z,0.0,healthcare,0.0,0.0,0.0,0.0,0.0,0.0,0.0
WZ8jQfy8p_g,UgxACmRjnr39DRb7Ju54AaABAg,This would be a great series covering different subs and different target areas. Loving this and the channel.,2.0,2021-07-22T14:34:02Z,1.0,healthcare,0.0,0.0,0.0,0.0,0.0,0.0,0.0
K5nBDll97i4,UgzMx4PoEHABqV7-1eZ4AaABAg,try the yakrit plihantank churna of planet Ayurveda for better results,0.0,2020-05-15T17:37:14Z,0.0,healthcare,0.0,0.0,0.0,0.0,0.0,0.0,0.0
HZdYAsEhn7U,Ugw-MORudHcA3cKm4U94AaABAg,Dr.Satish what is tonsillitis?,7.0,2023-03-11T09:30:08Z,1.0,healthcare,0.0,0.0,0.0,0.0,0.0,0.0,0.0
qq7Gl0Lza8g,Ugx6BHS5dPE9dWREZLF4AaABAg,Is this the plan of evil western governments to control my cat with vaccines?,0.0,2024-03-16T16:00:42Z,0.0,healthcare,0.0,0.0,0.0,0.0,1.0,1.0,0.0
X1614ymdSIs,UgyyBuxHGX0zlQcUR6J4AaABAg,been crying a lot üò¢ I been feeling nauseous no throwing up and I was feeling dizzy and tired a lot barely any energy like one minute I want to sleep and then I wake up having to pee like a lot more and back sharp pains and the test said negative but I still keep feeling weird,21.0,2022-11-06T15:00:19Z,8.0,healthcare,0.0,0.0,0.0,0.0,0.0,0.0,0.0
fv53QZRk4hs,Ugx7_w3Qi8E84soXlf54AaABAg,I take a little more clinical and more practical approach to this including dietary and lifestyle issues as I am a practising nephrologist.,1.0,2019-01-14T16:44:13Z,0.0,healthcare,0.0,0.0,0.0,0.0,0.0,0.0,0.0
otJVsW-uIAs,UgzDTXDa4B3q9nZ9K6p4AaABAg,Strep throat is news these days. LOL Give it a fancy name and play some music to go with the fear porn. Dont trust anything coming out of d.c.,0.0,2024-03-16T01:30:19Z,0.0,healthcare,0.0,0.0,1.0,0.0,1.0,0.0,0.0
R6EFevkcPr4,UgwKYodbObAdmD2PGUN4AaABAg,I pulled this muscle while putting my football bag down. I was in tbe split squat isometric position when it occured. Quite painful. Thanks for this. Hopefully it heals quickly.<br><br>What are your thoughts on cycling as a recovery excercise for this muscle group?,0.0,2021-11-21T14:00:16Z,0.0,healthcare,0.0,0.0,0.0,0.0,0.0,0.0,0.0
xcxszTKUM5o,Ugz_dX73c8C4GpyskGF4AaABAg,"Thank you very much for the nice explanation of lumbar stenosis.  I am from India. My father, who is 70 years old, is suffering from lumbar stenosis. Can you suggest a good hospital in India for treatment of lumbar stenosis.",0.0,2023-04-20T02:25:20Z,1.0,healthcare,0.0,0.0,0.0,0.0,0.0,0.0,0.0
xHj8A4yNI2M,Ugx_8JTcCwMamQcyx554AaABAg,Thanks you very much Sir God bless you,1.0,2020-11-28T00:27:39Z,1.0,healthcare,0.0,0.0,0.0,0.0,0.0,0.0,0.0
PA1IgaJhx4o,UgzWB7gpLyl0B13Ku-t4AaABAg,My cholesterol medicine has side affect of tearing ligaments! I had shoulder and knee and retinal tear... all my rt side. I made Dr put me on different medicine,0.0,2020-07-09T02:00:02Z,0.0,healthcare,0.0,0.0,0.0,0.0,0.0,0.0,0.0
3RDatz78X6Y,UgxtxbyPL1u8tp8G6xl4AaABAg,And now Gavi gets it üòû,14.0,2023-06-15T17:00:02Z,4.0,healthcare,0.0,0.0,0.0,0.0,0.0,0.0,0.0
LlgL83nhhQA,UgyFvip52OUlJIQbaNp4AaABAg,"Should interview journalists from CGTN The Point-Hub-Heat, Einar Tangan-Martin Jacques-Lijinjing-Tian Wei. Reporterfy Media in China, what policies worked? Poverty alleviation, trained &amp; hired 450K+ Nurses-Doctors-Engineers...",0.0,2024-03-12T00:16:48Z,0.0,healthcare,0.0,0.0,0.0,0.0,0.0,0.0,0.0
OOJqHPfG7pA,UgwCUNRSfp-6PnvxLtp4AaABAg,Yeah this video is really making me feel better. I need a Xanax. Lmfao.,0.0,2020-03-18T17:52:24Z,0.0,healthcare,0.0,0.0,0.0,0.0,0.0,0.0,0.0
msnxCq62PMQ,Ugz79ja3pVOuSWc_L-B4AaABAg,That&#39;s why I&#39;m here now. Feeling,0.0,2020-02-25T16:30:00Z,0.0,healthcare,0.0,0.0,0.0,0.0,0.0,0.0,0.0
E0IBMWQDEH4,UgxfsYyMSTSvqyuE-JB4AaABAg,It&#39;s amazing vedio‚ù§Ô∏è,0.0,2019-07-02T21:39:29Z,1.0,healthcare,0.0,0.0,0.0,0.0,0.0,0.0,0.0
FULEqLMqM30,UgzvjsOU-E3_gbKdQLJ4AaABAg,It&#39;s not the virus. It&#39;s the mRNA vaccines. Take vitamin D.,0.0,2024-03-15T20:03:13Z,0.0,healthcare,0.0,0.0,0.0,0.0,1.0,0.0,0.0
hHjY3T3Ndqc,UgxAbIVm6NpNxCpnseh4AaABAg,"If the vaccine is doing so well today, why are other countries getting less shots per capita than us and still doing better?",0.0,2022-10-02T17:00:18Z,0.0,healthcare,0.0,0.0,0.0,0.0,1.0,0.0,0.0
E0IBMWQDEH4,UgxNS6_VUKFrwp228DJ4AaABAg,I was realy disappointed when i knew that you support the abnormal acts of some people that you as a doctor must know very well that by this act they are damaging themselves physical and psycological you should advise them not support them,0.0,2019-07-02T21:39:29Z,0.0,healthcare,0.0,0.0,0.0,0.0,1.0,0.0,0.0
4ZHi5g3n3SU,UgwoCsdAFj39w9y-L5R4AaABAg,I have gonorrhoea please I need your help,0.0,2022-07-20T14:00:04Z,0.0,healthcare,0.0,0.0,0.0,0.0,0.0,0.0,0.0
lpjkF3FZmTA,UgxuNlCSwbuL8ze2UJh4AaABAg,I had surgery hiatus hernia but after i got many symtoms blur vision....my brain and hearth 50 % work<br>This could be sign vagus nerve pinch,0.0,2020-02-07T14:15:00Z,1.0,healthcare,0.0,0.0,0.0,0.0,0.0,0.0,0.0
1zw9JVXIg4s,UgwtJBsIQVhmHMJcCmN4AaABAg,Last year me and my friend we played football/soccer and I got kicked in the knee and I was in so much pain that I didn&#39;t even knew if I can walk but now I&#39;m ok,0.0,2022-08-24T16:00:02Z,0.0,healthcare,0.0,0.0,0.0,0.0,0.0,0.0,0.0
hHjY3T3Ndqc,UgyBmJdkh4AfkByJM314AaABAg,"As a nurse I‚Äôve seen quite a few people pass away, I have never seen someone die within 4 hours of first symptom like we saw with covid. It was really scary",0.0,2022-10-02T17:00:18Z,0.0,healthcare,0.0,0.0,0.0,0.0,0.0,0.0,0.0
5p2pTErk0-4,Ugw-YC3fRgwO9kT2SOB4AaABAg,"how does one get diagnosis of TFCC injury? I do have carpal tunnel and the placement of my pain is exactly what is shown in this video..but of course, it&#39;s a self-diagnosis but i&#39;m not an expert...",0.0,2020-04-23T23:59:39Z,0.0,healthcare,0.0,0.0,0.0,0.0,0.0,0.0,0.0
ub_ttbKcGvc,Ugy63tbOISjUPC0GfdZ4AaABAg,"Thanks so much for this content Hooper! You have no idea how reassuring it is to hear a pop at the gym and fear you&#39;ll be done climbing for god knows how long, but are able to instead sit down for your video and get full guidance from diagnosis test to rehab plans. We don&#39;t deserve you but we sure do need you!",3.0,2021-07-26T16:00:34Z,0.0,healthcare,0.0,0.0,0.0,0.0,0.0,0.0,0.0
rgwB4NtSCig,UgziF4Yrkuy8ERfIa2B4AaABAg,"The bladder problem, what if you only have accidents with inability to hold once you feel like you need to go? Wouldn&#39;t I also have trouble with the the other place,  like Colin?",3.0,2020-01-23T14:38:03Z,0.0,healthcare,0.0,0.0,0.0,0.0,0.0,0.0,0.0
pnCnOEGsOBA,UgyLYavOxMLOYuqJ3Tt4AaABAg,"Man that ankle roll was terrible, shame this was a bust out year for him.",1.0,2024-03-11T01:19:41Z,0.0,healthcare,0.0,0.0,0.0,0.0,0.0,0.0,0.0
2cT2w1x39BM,UgzCofIfSopYcIjBW2p4AaABAg,I pulled my hamstring last night while diving for an interception in a flag football game smh it‚Äôs the same hamstring that I strained in college running track. One of the worst injuries ever!,0.0,2021-03-08T18:12:13Z,0.0,healthcare,0.0,0.0,0.0,0.0,0.0,0.0,0.0
7olmkejc3vM,UgzSrPk1hcc596syWap4AaABAg,Thank you! This was extremely helpful and easy to understand,0.0,2022-03-24T16:05:24Z,0.0,healthcare,0.0,0.0,0.0,0.0,0.0,0.0,0.0
Dm_q2lIF30g,Ugw-SHywQxLioNcbpkd4AaABAg,"My mom is a nurse, so I hardly ever go to the doctor. I can‚Äôt get diagnosed but I have shown almost all of the signs. Waiting til I turn 18 so that I can finally go and get diagnosed",0.0,2021-06-12T06:31:33Z,0.0,healthcare,0.0,0.0,0.0,0.0,0.0,0.0,0.0
fIIJmg_1hv0,Ugx73Y0jZTstLNRxmhF4AaABAg,Please wht is the chances of two As couple to give birth to none sickle patient,0.0,2019-11-05T20:43:20Z,0.0,healthcare,0.0,0.0,0.0,0.0,0.0,0.0,0.0
EDCaFKgtXks,UgxkyZ-YKG_KnpAvhpx4AaABAg,I have a protein in my heart which stiffens the muscle causing slow motion heart failure ..Taking a medication that is slowing it down..  It&#39;s always something ya know ...,1.0,2023-04-25T15:12:52Z,0.0,healthcare,0.0,0.0,0.0,0.0,0.0,0.0,0.0
gSn7hdwdpQg,UgxVre-9fNtrMELDMqR4AaABAg,Incredible this was free to watch thanks mate just did my ac at MMA class last night,0.0,2022-04-19T16:00:35Z,0.0,healthcare,0.0,0.0,0.0,0.0,0.0,0.0,0.0
EDCaFKgtXks,UgzfvXB7VoNF66IcPZB4AaABAg,Is this the explanation about systolic or diastolic ? Please answer to me,0.0,2023-04-25T15:12:52Z,0.0,healthcare,0.0,0.0,0.0,0.0,0.0,0.0,0.0
OOJqHPfG7pA,UgxWVaGQPe59WH8VxYF4AaABAg,Easiest disease in my life,0.0,2020-03-18T17:52:24Z,0.0,healthcare,0.0,0.0,0.0,0.0,0.0,0.0,0.0
CutRFPEeftk,UgycKa28iWDvHGSp8-p4AaABAg,"When i cough, i taste the blood, i see light pink traces in my saliva, sometimes tiny red dots, my legs always feel very powerless when this happens. Its been happening for the past month every other day. Im going to the doctor on monday. Anyone else get these exact symptoms?",0.0,2021-11-30T13:18:05Z,0.0,healthcare,0.0,0.0,0.0,0.0,0.0,0.0,0.0
L5SS0f-_0_8,UgxeudLV9K2fplM332V4AaABAg,Hi what sort of tests can diagnose pubic symphasis issue,0.0,2021-08-27T17:20:02Z,0.0,healthcare,0.0,0.0,0.0,0.0,0.0,0.0,0.0
im3otpqYAiQ,Ugwh-Z-6Cglu6j8VbCF4AaABAg,Did you find anything pertinent??? He just said heart disses...o and if you got the shot and cov its has side effects??,0.0,2024-02-20T00:25:10Z,0.0,healthcare,0.0,0.0,0.0,0.0,0.0,0.0,0.0
K5nBDll97i4,UgxbGiZYMG9GRaISeJ54AaABAg,Thank you so much ..very informative video...Yakrit plihantak churna of Planet ayurveda are such a very good results on Jaundice .,0.0,2020-05-15T17:37:14Z,0.0,healthcare,0.0,0.0,0.0,0.0,0.0,0.0,0.0
CutRFPEeftk,UgxP2iqS_Im640x9DGx4AaABAg,Most of lung cancer patient doesn&#39;t smoke,0.0,2021-11-30T13:18:05Z,0.0,healthcare,0.0,0.0,0.0,0.0,1.0,0.0,0.0
V1Sh06CrayM,UgwQuiyP5yElgoTfeg54AaABAg,Plandemic : CHEAP MASKS DO NOT WORK! When will THIS PHARMA . /Faucci &amp; his PARTNERS Madness EVER END ?,0.0,2023-12-29T23:55:53Z,0.0,healthcare,0.0,0.0,0.0,1.0,1.0,1.0,0.0
ULsSgZ4sQ0g,UgypQM7eMrUP7WavoKR4AaABAg,Ive got stage 4 colon cancer. My cea level in Jan was 799 its now 4. Having my 22nd lot of chemo tomorrow. Ct results have all shown a reduction so hopefully it carries on like that and they can get more years out of me.,28.0,2022-05-17T12:00:13Z,3.0,healthcare,0.0,0.0,0.0,0.0,0.0,0.0,0.0
_UkSPWGwCgs,UgwVUB7PGvxq6fGsc514AaABAg,I&#39;ve had around a dozen infections but if i eat raw garlic everyday then i dont have any problems.,0.0,2023-02-13T00:00:22Z,0.0,healthcare,0.0,0.0,0.0,0.0,1.0,0.0,0.0
OOJqHPfG7pA,UgwD5x0BI9yYz4f_9g94AaABAg,"In bed rn, w COVID- not feeling great, I was burning up, now I‚Äôm freezing",1.0,2020-03-18T17:52:24Z,0.0,healthcare,0.0,0.0,0.0,0.0,0.0,0.0,0.0
fIIJmg_1hv0,Ugx_ZTW_zvqYwRvV7k14AaABAg,Dr Osade on Youtube has the best remedy for sickle cell,0.0,2019-11-05T20:43:20Z,0.0,healthcare,0.0,0.0,0.0,0.0,0.0,0.0,0.0
msnxCq62PMQ,Ugx7Jmd78NwGTIQTb5l4AaABAg,"I going throuh chest pain , hand are trembling and body also, and i feel a deep pain in my heart i say this to my parents but they don&#39;t care about it üò≠üò≠üò≠ i feel this pain with 3 months continuously üò≠",0.0,2020-02-25T16:30:00Z,0.0,healthcare,0.0,0.0,0.0,0.0,0.0,0.0,0.0
9szWM-YQVYc,UgxLU5Zngg_ydKUuPqp4AaABAg,Who writes these headlineüòÖ,0.0,2021-10-11T14:00:09Z,0.0,healthcare,0.0,0.0,0.0,0.0,0.0,0.0,0.0
8T90GKkoqZ4,UgzEYy0M2TVTWU3iU1J4AaABAg,When your one Brest is double to the other then is it possibility of Brest cancer please tell me I&#39;m worry  about that ....üò¢üò¢,0.0,2020-09-29T14:00:01Z,0.0,healthcare,0.0,0.0,0.0,0.0,0.0,0.0,0.0
JZka0UvmL4w,UgyL3lT_yaqBoiINGOl4AaABAg,Sir I have a pain in wrist when I hold weight horijontally any thing like dumble and a tendon beside my wrist bone fall down when I rotate and it is also making noise during rotation,0.0,2022-04-01T20:02:59Z,0.0,healthcare,0.0,0.0,0.0,0.0,0.0,0.0,0.0
FULEqLMqM30,Ugyh7D7J5GljYHKTouR4AaABAg,"LOL, still pushing the lies huh? These boomers in power need to go away, stay away, and pass away. &quot;Long covid&quot; is a lie to cover up vaccine injuries.",0.0,2024-03-15T20:03:13Z,0.0,healthcare,0.0,0.0,1.0,1.0,1.0,1.0,0.0
wGhUmdYqy9Y,Ugym0kNNsjsElJj6WF94AaABAg,THIS IS SUCH A GREAT  VIDEO,0.0,2022-10-30T13:00:29Z,0.0,healthcare,0.0,0.0,0.0,0.0,0.0,0.0,0.0
ugEziwkFPEg,Ugw2eD3Cj_fKSSc-RoZ4AaABAg,Does the very top of the shoulder need to stay on the wall? The last stretch is a little hard to really see what I should be doing. Is it ok if the very top of my shoulder lifts up or do i want the entire thing to stay on the wall as much as possible?,1.0,2020-01-17T11:15:18Z,1.0,healthcare,0.0,0.0,0.0,0.0,0.0,0.0,0.0
i5v43U-YLow,UgxQLkL9M6XMaY22qid4AaABAg,I am black don&#39;t have a problem with voter ID i have a problem with you the way you talk to black voters,0.0,2024-03-14T23:47:28Z,0.0,politics,0.0,0.0,0.0,0.0,0.0,0.0,0.0
RiYq8AQG9uI,Ugw84oHz25m0hdLM1g54AaABAg,2:37</a> is when the jewish space laser hit,1.0,2020-10-14T17:31:23Z,0.0,politics,0.0,1.0,0.0,0.0,0.0,1.0,0.0
i5v43U-YLow,UgyPkQwSx_vkPI2aV_N4AaABAg,If 45 gets in we will NEVER have a real election again.,0.0,2024-03-14T23:47:28Z,0.0,politics,0.0,0.0,0.0,0.0,1.0,1.0,0.0
RffWAN9UA7k,UgwqJBWPU6eUexLC4fN4AaABAg,Trump is off the rail like all rulers. If they are all blood thirsty what can it matter. My thought for the day : how do these blasphemers become so rich and powerful?? üòÆüòÆüòÆüòÆ,0.0,2024-03-18T10:38:51Z,0.0,politics,0.0,0.0,0.0,1.0,1.0,1.0,0.0
dWdEH2DG9Zc,Ugz1j2eYD5KQNA1lBzp4AaABAg,its time to evict turkey from nato likely allied to russia than in nato,0.0,2023-05-14T21:11:46Z,0.0,politics,0.0,0.0,0.0,0.0,1.0,1.0,0.0
8gjqTLX0QUo,UgwCE74eY-SuxCGIKmV4AaABAg,Question for the democrats,0.0,2024-03-18T21:57:26Z,0.0,politics,0.0,0.0,0.0,0.0,0.0,1.0,0.0
f3Z3cCtmA60,UgyGeuAusNUCf2_q-Qt4AaABAg,Wow Fani out here havi g an affair with everyone. üòÇ When are we gonna talk about the gang leader she was with before which is more than likely the real reason Young Thug was arrested to begin with? We need to do a deep dive into her life and who she associates herself with.,0.0,2024-03-15T12:00:40Z,0.0,politics,0.0,0.0,0.0,1.0,1.0,1.0,0.0
YgR3uK8nCQo,UgyhQKZC1VaY7mSQEAB4AaABAg,Just because she doesnt believe doesnt mean that&#39;s what is true.<br><br>It IS possible to believe in misinformation.,0.0,2024-03-19T23:25:17Z,0.0,politics,0.0,0.0,0.0,0.0,0.0,0.0,1.0
quJkRRFeRO4,Ugxm1MCkBR_4SGFdKNF4AaABAg,And in Ukraine there are even no elections,0.0,2024-03-17T13:18:39Z,0.0,politics,0.0,0.0,0.0,0.0,1.0,0.0,0.0
Mxw3BUS2gck,UgycmrSHIgikYs21EU54AaABAg,Justice for SSR please sir<br>Boycott Bollywood,0.0,2024-03-18T18:38:16Z,0.0,politics,0.0,0.0,0.0,0.0,1.0,0.0,1.0
bII8AH5t6zI,UgwFLzUquDhuhxkPKhp4AaABAg,SNL can play this clip on next week&#39;s show,1.0,2020-10-25T07:12:25Z,0.0,politics,0.0,0.0,0.0,0.0,0.0,0.0,0.0
2LwzFspUOlI,UgwcdLoTnPlon30qgGt4AaABAg,There is a deal if you make him off the hook. He will.not run or loose intentionaly,0.0,2024-03-15T02:00:01Z,0.0,politics,0.0,0.0,0.0,1.0,1.0,0.0,0.0
f3Z3cCtmA60,Ugw8uu5nooGEvzFuWLx4AaABAg,Trump is innocent but that&#39;s not why we&#39;re going through this we&#39;re going through this because you want to stop Trump from running for president because he will win,0.0,2024-03-15T12:00:40Z,0.0,politics,0.0,0.0,0.0,0.0,0.0,1.0,0.0
mdLvsMcbKbw,Ugyxz7W9LIJ5xO87lld4AaABAg,Such a jerk controlled by thaksin,0.0,2019-02-08T12:37:47Z,0.0,politics,0.0,0.0,1.0,1.0,0.0,1.0,0.0
1C5qK509P60,UgzMBugsF4-n822-4y94AaABAg,USA need  D Trump iisuport Donalh trump,0.0,2024-01-16T00:04:50Z,0.0,politics,0.0,0.0,0.0,0.0,0.0,1.0,0.0
hFLtTUzSYUc,UgyysRyRGE0fRQ_RVw94AaABAg,I-Team: Did Coffee County breach put future elections at risk? Depends ...<br>FOX 5 Atlanta,0.0,2024-03-13T13:45:03Z,0.0,politics,0.0,0.0,0.0,0.0,0.0,0.0,1.0
zTjyE7dH3Tc,UgwTJu8hDLuGXAOqeWx4AaABAg,"Praveen Shaikh mem capital TV,<br>Excellent analysis üíØ%<br>Always stay bless üéÅüéÅ",0.0,2024-03-15T04:15:02Z,0.0,politics,0.0,0.0,0.0,0.0,0.0,0.0,0.0
aPWSK7plPGI,UgygC7Jrgjc1UD3FYfl4AaABAg,Nothing weaker than a fat man in a diaper.,0.0,2024-03-20T21:30:02Z,0.0,politics,0.0,0.0,1.0,0.0,0.0,0.0,0.0
ajavsMbCapY,UgyxUCM93WiJowuJK_F4AaABAg,I haven&#39;t trusted the polls since 2016.,0.0,2020-10-31T12:00:01Z,0.0,politics,0.0,0.0,0.0,0.0,0.0,0.0,1.0
qR5rwYdOuxc,Ugy4Ck2UQbbjP2sz7354AaABAg,NOT MINE EITHER!!!!!!,0.0,2024-03-12T13:21:51Z,0.0,politics,0.0,0.0,0.0,0.0,0.0,0.0,0.0
mikRI9ra14w,UgxM6BXEVb2l4xc_PB94AaABAg,Trump will prevail in the end...,1.0,2024-03-19T21:24:11Z,0.0,politics,0.0,0.0,0.0,0.0,0.0,1.0,0.0
4Y6UYXilWkY,Ugxl8YdY_RlVracHtRB4AaABAg,Vote for your life,0.0,2020-09-22T15:54:42Z,0.0,  ,0.0,0.0,0.0,0.0,0.0,0.0,0.0
nAnEuNgyuFI,UgwWMI3a8WQuux62pfN4AaABAg,Most loved man for his  serious comedies.,5.0,2024-03-06T13:00:10Z,0.0,politics,0.0,0.0,0.0,0.0,1.0,1.0,0.0
No7ewLdJU_Y,UgxDD_mRRRFQjPyKZA94AaABAg,So im to understand that the VRA 0f 64 allowed illitterate blackmen to vote. Shocking hahaha,0.0,2020-10-10T22:22:39Z,0.0,politics,0.0,1.0,0.0,1.0,0.0,0.0,0.0
0nrZwGbf55w,Ugw0fEtoKeyKoXQ5s354AaABAg,"Your so rite,I agree with him,I voted for Trump,after Jan 6 I will not vote for any President Republicans or Democrat who go against are democracy!! Good for u Mr.Pence...Say it as is!!",0.0,2024-03-15T23:17:40Z,0.0,politics,0.0,0.0,0.0,1.0,0.0,1.0,1.0
EYCz_XiPTwY,UgyguIvOVTQB6Oogy6p4AaABAg,üëçüëçüëçüëçüëçüëçüí™üí™üí™üí™üí™üí™üí™ Tat trick CM. KCR.üíêüíêüíêüíêüíêüíêüíêüíê,0.0,2023-12-01T05:53:24Z,0.0,politics,0.0,0.0,0.0,0.0,0.0,0.0,0.0
GbWgrXZ4Hxw,Ugz-fqF2t03C5bcIjCt4AaABAg,"I like how Julian Assange said that wars (and, I would add, terrorism) are caused by the lying media.",0.0,2024-03-18T02:56:04Z,0.0,politics,0.0,0.0,0.0,0.0,0.0,0.0,0.0
5jKGEOTXh88,Ugw1TN79mUqtJJyknEV4AaABAg,"Here i have to mention what  Cho Rama swamy had said one day &quot; if Left thinks, they have a very bright future in Indian Politics, India is left with no future at all&quot;.  Hence , dont fool us.",0.0,2024-03-23T14:38:44Z,0.0,politics,0.0,0.0,0.0,0.0,0.0,1.0,0.0
k4dZykkKipM,UgxbnVtadLa9EjWtYPN4AaABAg,WHO GAVE UP BAGRAM AIRBASE??????????????!!!!!!!!,0.0,2024-03-20T10:32:49Z,0.0,politics,0.0,0.0,0.0,0.0,0.0,0.0,0.0
mvgedBYG31g,Ugwx856lwCnD6yNYevl4AaABAg,"YEP !  Russia is still in Political corruption, Bribery Cronyism Kleptocracy, Electoral fraud &amp; Legal plunder Nepotism Slush fund Political scandal all thanks to Putin",1.0,2024-03-17T21:57:57Z,1.0,politics,0.0,0.0,0.0,1.0,0.0,1.0,0.0
hpifzNRmgTE,UgxWX1Lx58E-lsaWTsx4AaABAg,"My GOD , she‚Äôs an absolute BushPig‚Ä¶ ü§¢ü§Æ",0.0,2024-03-23T19:29:54Z,0.0,politics,0.0,0.0,1.0,1.0,0.0,0.0,0.0
EmzhhHOG0Ks,UgwX_io3peUIbUpFVul4AaABAg,JESUSCHRIST THE ONLY HOPE HOPE FOR THIS FALLING NATI√ìN. üè≥Ô∏è‚Äçüåà<br><br>ROMANS CHAPTER 1 VERSES 25/32.<br>‚ÜóÔ∏è‚ÜóÔ∏è‚ÜóÔ∏è‚ÜóÔ∏è‚ÜóÔ∏è‚ÜóÔ∏è‚ÜóÔ∏è‚ÜóÔ∏è‚ÜóÔ∏è‚ÜóÔ∏è‚ÜóÔ∏è‚ÜóÔ∏è‚ÜóÔ∏è‚ÜóÔ∏è‚ÜóÔ∏è,1.0,2024-03-20T16:19:52Z,1.0,politics,0.0,0.0,0.0,0.0,1.0,0.0,0.0
EYCz_XiPTwY,Ugxsl224uYJT4a6Ql_94AaABAg,Minimum of 52-54 BRS MIM 6-8 BRS Form govt,0.0,2023-12-01T05:53:24Z,0.0,politics,0.0,0.0,0.0,0.0,0.0,0.0,0.0
ZaVnuwhADYk,Ugw_p-hTqLGBucYPqgJ4AaABAg,The elites never have a clue . King George had no idea what was going when Patriots tossed Tea into Boston Harbor . Jan 6th will be an interesting day .,0.0,2021-01-04T14:42:19Z,0.0,politics,0.0,0.0,0.0,0.0,1.0,0.0,0.0
YgR3uK8nCQo,Ugz5hDBALCoEygar0np4AaABAg,I seen that woman on 27th Ave. &amp; Indian school doing anything for 50 bucks,1.0,2024-03-19T23:25:17Z,0.0,politics,0.0,0.0,0.0,0.0,1.0,0.0,0.0
Od_7PnYKn7s,Ugz2mfJYi0l2n7bzvON4AaABAg,BJP hatao desh bachao<br>BJP jhutha our jumla party hai,1.0,2023-10-09T07:19:28Z,0.0,politics,0.0,0.0,0.0,1.0,1.0,0.0,0.0
36aboYMTuMk,UgxWSvswwT31AdXXdup4AaABAg,So bad..US approving rate 20+,0.0,2024-03-18T12:46:35Z,0.0,politics,0.0,0.0,0.0,0.0,1.0,0.0,0.0
nn23VyZBIt0,UgxfcQQSG0AW7oIREAN4AaABAg,We need putin,1.0,2024-03-15T10:57:57Z,0.0,politics,0.0,0.0,0.0,0.0,0.0,1.0,0.0
VbycLj2pWPo,Ugy4GHtpFdgGUT6cEYh4AaABAg,No one can remove Putin from powers. Not until 2030 if im not mistaken. Or perhaps he could continue more years unless if he is in a health constraints.,0.0,2024-03-17T20:59:22Z,0.0,politics,0.0,0.0,0.0,0.0,1.0,1.0,0.0
HUyfoh_nmM8,UgwbN5stljsqmX7GNdR4AaABAg,"They guy oversaw a 12-13% swing and says the other side did badly, get out of the way Jeremy, it&#39;s time to let Eric Abetz take control so an adult is in charge.",0.0,2024-03-23T11:13:51Z,0.0,politics,0.0,0.0,0.0,1.0,1.0,0.0,0.0
hP0Dn14NnW8,UgxMirt3ranOolTlh8F4AaABAg,Trump will save America from the lying leftist like this cloat.,0.0,2024-03-18T10:54:20Z,0.0,politics,0.0,0.0,0.0,1.0,0.0,1.0,0.0
gwdvVMRRDxM,UgwdKUOrX1x6cZrwBPp4AaABAg,"&quot;Biden is the norm, why are these people still voting for Trump&quot; üòÇ<br>The media are in panic",0.0,2024-01-30T02:30:30Z,0.0,politics,0.0,0.0,0.0,0.0,1.0,1.0,0.0
nDmDlwbndQE,UgxPs_qBewh1GbnsHDh4AaABAg,Options be like - Vladmir &amp; Bullet üòÖ<br>Just kidding guys that was a fair election ü´£,0.0,2024-03-17T19:51:38Z,0.0,politics,0.0,0.0,0.0,1.0,1.0,1.0,0.0
MP2ON_agBVM,UgyBGBDQVCgTfXcZHZd4AaABAg,"How hateful NBC news has become.  The propaganda is so thick, you can walk on it.  We have the internet, start watching what the people experience and how they live and feel about where they live, no matter what country it is, only then you will be able to start seeing the truth.",0.0,2024-03-17T18:30:13Z,0.0,politics,0.0,0.0,0.0,0.0,1.0,0.0,0.0
bf0BfWJJ3WI,UgzkBR8aFON1Q6qKbBJ4AaABAg,God blessssss u two ‚ù§‚ù§‚ù§‚ù§,1.0,2024-01-15T16:02:20Z,0.0,politics,0.0,0.0,0.0,0.0,0.0,0.0,0.0
oZUot1er0F4,Ugx48URkjWVXKk4h6bh4AaABAg,"I just can&#39;t understand why the Democratic Party doesn&#39;t replace their candidate with a younger, more dynamic one to compete against Trump",0.0,2023-11-06T22:00:31Z,0.0,politics,0.0,0.0,0.0,0.0,1.0,0.0,0.0
quJkRRFeRO4,Ugz_aPYcWK2-6Ydtr7Z4AaABAg,Paid critics,0.0,2024-03-17T13:18:39Z,0.0,politics,0.0,0.0,0.0,1.0,1.0,0.0,0.0
z8mYysdJvWI,UgxRjz1_3nsD5CJXFqR4AaABAg,Weak people,0.0,2024-03-15T19:08:16Z,0.0,politics,0.0,0.0,0.0,1.0,0.0,0.0,0.0
bII8AH5t6zI,UgwRkSTnzPPrqA1jqWZ4AaABAg,This skit aged so well,0.0,2020-10-25T07:12:25Z,0.0,politics,0.0,0.0,0.0,0.0,0.0,0.0,0.0
1MWbk8yGvSs,Ugw0AxxRipBfyC-8YvB4AaABAg,It&#39;s representatives from our country that are biased <br>Ssap paal rakhe he hum ne,0.0,2024-03-17T02:28:38Z,0.0,politics,0.0,0.0,0.0,0.0,0.0,0.0,0.0
ivHPmjENyq8,Ugz-p4sm_tO720nxFAx4AaABAg,"HYPOCRISY: Western Media Mocks Putin&#39;s Election Win, Leaves Out That Zelensky Banned Elections<br><br>Putin reportedly received 87 percent of the Russian vote, while polls indicate that Zelensky would be trounced if he allowed Ukrainians to vote",0.0,2024-03-18T23:02:50Z,0.0,politics,0.0,0.0,0.0,1.0,1.0,1.0,0.0
EYCz_XiPTwY,UgyGlFzWJPKQ571Wgkl4AaABAg,Tomorrow kcr cm grantey üéâ,1.0,2023-12-01T05:53:24Z,0.0,politics,0.0,0.0,0.0,0.0,0.0,0.0,0.0
M8EEjFLHtao,UgzAeOtG_WB8vTh8_8d4AaABAg,The man was talking about an economic blood bath.,0.0,2024-03-18T00:54:39Z,0.0,politics,0.0,0.0,0.0,1.0,0.0,0.0,0.0
4k1iYKpUaKU,UgxBfE1LsE-cLRt9H-14AaABAg,This guy is trying to get out giving testimony to congress. He&#39;s launching a preemptive denial in case he&#39;s subpoenaed.,0.0,2021-02-02T19:24:24Z,0.0,politics,0.0,0.0,0.0,0.0,0.0,0.0,0.0
1MWbk8yGvSs,UgyHI_UcN-hId3h8w2V4AaABAg,If Rahul Gandhi is the Only the Congress is at an existential threat.,0.0,2024-03-17T02:28:38Z,0.0,politics,0.0,0.0,0.0,0.0,0.0,0.0,0.0
2rDVp-i5l7M,Ugx803-wHKTOkss1Avl4AaABAg,She‚Äôs brain dead well let me say that he‚Äôs brain dead,0.0,2022-04-22T18:20:06Z,0.0,politics,0.0,0.0,1.0,1.0,0.0,0.0,0.0
GbWgrXZ4Hxw,UgxnVkqZU7fvLx5rPEp4AaABAg,Putin‚Äôs understanding of ‚Äòdemocracy‚Äô is nonexistent.,0.0,2024-03-18T02:56:04Z,0.0,politics,0.0,0.0,0.0,0.0,1.0,1.0,0.0
2rDVp-i5l7M,UgzUg4RipHabAZcc6lx4AaABAg,"Like all criminals she has a selective memory,",0.0,2022-04-22T18:20:06Z,0.0,politics,0.0,0.0,0.0,1.0,0.0,0.0,0.0
jpbWv-YKZEI,UgxY4szl1l5IgUKk-5B4AaABAg,"&quot;...118 years old.&quot; Impressive!  Good mathing on the fly, brother.",0.0,2024-03-06T15:57:47Z,0.0,politics,0.0,0.0,0.0,0.0,0.0,0.0,0.0
FB-VuRsfWjE,UgyL6DgJXu65B0ZyC114AaABAg,Let‚Äôs keep putting more on the refs so they can screw up even more,0.0,2024-03-26T21:00:08Z,0.0,sports,0.0,0.0,0.0,0.0,1.0,0.0,0.0
rBhP64D4OGs,UgwMxykDYKZ9HGwednB4AaABAg,He lost the bet,0.0,2024-03-17T00:30:33Z,0.0,sports,0.0,0.0,0.0,0.0,0.0,0.0,0.0
GECZeMTlp80,UgxZ9-WnWjBl698nmyV4AaABAg,Ok fans of gafford is here,0.0,2024-03-12T21:00:15Z,0.0,sports,0.0,0.0,0.0,0.0,0.0,0.0,0.0
5AvLii8Q6u4,UgxyrutVCjGeKPrMUy94AaABAg,This game DEFINES the reds season.,0.0,2023-06-07T05:38:59Z,0.0,sports,0.0,0.0,0.0,0.0,0.0,0.0,0.0
xlnGuMrfQ5g,UgysdTnr6qyAktH5KU14AaABAg,The Machado bobble play isn‚Äôt necessarily a good play. It was an easily catchable ball that he bobbled and should‚Äôve just caught initially.,9.0,2023-06-17T15:28:11Z,10.0,sports,0.0,0.0,0.0,0.0,0.0,0.0,0.0
exR0M2juDEE,UgwdZ8wcYazovjGAJDZ4AaABAg,"1:05</a> very little time to celebrate a Mookie Betts home run, all of a sudden they got another headliner coming up<br>1:16</a> very little time to celebrate a Mookie Betts home run, all of a sudden they got another headliner coming up<br><br>AI commentators at their best!",0.0,2024-03-28T21:19:59Z,0.0,sports,0.0,0.0,0.0,0.0,0.0,0.0,0.0
BPkBeHAnv0g,UgwgRXdnAhHUod-Q5514AaABAg,bol bol just mad he hasn‚Äôt half of wembys determination and love for the game,2.0,2024-03-27T01:08:54Z,2.0,sports,0.0,0.0,0.0,0.0,0.0,0.0,0.0
qv7a3NqZLcc,UgzesCR6OcZwmUgWMJ14AaABAg,Rashard McCants has left the chat üòÖ,0.0,2024-03-23T23:37:37Z,0.0,sports,0.0,0.0,0.0,0.0,0.0,0.0,0.0
wK2d6mMwx0g,UgxGqZNfUiJjlJ7d9aZ4AaABAg,Great to see the light skins did well tonight,0.0,2024-03-27T04:58:13Z,0.0,sports,0.0,1.0,0.0,0.0,0.0,0.0,0.0
ChtjLV_XcAo,UgwsIG1k8bhGWzSUVl94AaABAg,Coach Pop figured out the Suns,0.0,2024-03-26T02:28:16Z,0.0,sports,0.0,0.0,0.0,0.0,0.0,0.0,0.0
ohO8XB_kZMQ,UgzTp5J7gEva8btxNJV4AaABAg,"He wants the big money, for what the Jays are paying he better perform.",0.0,2024-03-28T22:02:28Z,0.0,sports,0.0,0.0,0.0,0.0,0.0,0.0,0.0
JCBlM3u1hSI,UgxcT-OqgmHU9o3K7C94AaABAg,With  ‚ú°Ô∏è we all lose,0.0,2024-03-13T03:23:29Z,0.0,sports,0.0,1.0,0.0,0.0,0.0,0.0,0.0
NbAZ2X3SqJQ,UgyREagYZYuTDfoAaL54AaABAg,Manny homerun swing is the sweetest swing next to Ken Griffey Jr,0.0,2024-02-07T18:04:25Z,0.0,sports,0.0,0.0,0.0,0.0,0.0,0.0,0.0
84hl2UuBHAc,UgxDG3oy-g4UnS37F5h4AaABAg,I do not care what anyone says ain&#39;t no player like Steph he sees things a lot of other players don&#39;t lol,0.0,2024-03-28T01:30:26Z,0.0,sports,0.0,0.0,0.0,0.0,0.0,0.0,0.0
ChtjLV_XcAo,UgxUW7jHGQV8QRIpU3R4AaABAg,Is it me but what&#39;s up with the NETS they don&#39;t swish they like cradle the basketball never seen that before check it out,0.0,2024-03-26T02:28:16Z,0.0,sports,0.0,0.0,0.0,0.0,0.0,0.0,0.0
HdDG7YkvEug,UgyCxFU1NVYJGlfGrqR4AaABAg,Happy for IT but damn they could‚Äôve gave J. Wall a chance since he Brad Beal guy,0.0,2024-03-21T05:20:00Z,0.0,sports,0.0,0.0,0.0,0.0,0.0,0.0,0.0
ok94i-2wI68,UgyLnVe9TwCDqKsjLCJ4AaABAg,"Ok, yall gott be fu@#ed</a> up if Baker isn&#39;t worth 33mil/yr. Clev effed him over and he never had anywhere NEAR enough time to sync with any of the other teams he was on. He had a good year last yr, he deserves mid range pay. Which is exactly what he got!",0.0,2024-03-13T02:46:11Z,0.0,sports,0.0,0.0,0.0,0.0,0.0,0.0,0.0
yVLyWzIxhrQ,UgyYKVToVhMuwntOyih4AaABAg,I wish the MLB commissioner would eliminate the pitch clock violation before the season started,0.0,2024-03-29T01:01:10Z,0.0,sports,0.0,0.0,0.0,0.0,0.0,0.0,0.0
WfEpsD_hQxo,UgwD_yr6r7PDwnyvNlJ4AaABAg,3:59</a> I think that the one guy who busted a few nuts,0.0,2023-06-25T17:07:40Z,0.0,sports,0.0,0.0,0.0,1.0,0.0,0.0,0.0
rjcZgpb2w84,UgwF-hFIpLGsaeTSn254AaABAg,Rui is the owner of memphis now üòÇ,1.0,2024-03-28T02:33:04Z,0.0,sports,0.0,0.0,0.0,0.0,1.0,0.0,0.0
535TeF_p4SE,Ugx-8tnUD4Rj2n3goZB4AaABAg,The best natural point guard original play,0.0,2024-02-07T01:22:55Z,0.0,sports,0.0,0.0,0.0,0.0,0.0,0.0,0.0
YJnR77RSJZM,Ugz6jXz6rP2QzUkLHbt4AaABAg,"Ok, can we be real for a second and admit maybe its time to address framing when its this extreme? Like seriously, at what point does it stop being gaming and start being BS?",0.0,2024-02-26T18:11:28Z,0.0,sports,0.0,0.0,0.0,0.0,1.0,0.0,0.0
CA-6C487oqM,UgzQO4qO74Mw0_cgELB4AaABAg,I hope with everything in my heart that this comes true! Let‚Äôs Go O‚Äôs!!,0.0,2024-03-27T20:43:34Z,0.0,sports,0.0,0.0,0.0,0.0,0.0,0.0,0.0
_JVh6si434g,UgxOnZAsshWdr0vzRAd4AaABAg,Drake Maye falling is insane üò≠,0.0,2024-03-26T23:00:19Z,1.0,sports,0.0,0.0,0.0,0.0,0.0,0.0,0.0
HdDG7YkvEug,UgxtsfZyYtOVbotyXWB4AaABAg,"Then he‚Äôll be begging for another contract after this 10 days up , just face it bro ,, your not a winnable piece on a team anymore just the fact you short and can‚Äôt play defense",0.0,2024-03-21T05:20:00Z,0.0,sports,0.0,0.0,0.0,1.0,1.0,0.0,0.0
XSAJAzb-8r8,UgwshKyb1OguNLN1b-94AaABAg,What a way to start the season! They haven&#39;t skipped a beat.,0.0,2024-03-29T05:32:00Z,0.0,sports,0.0,0.0,0.0,0.0,0.0,0.0,0.0
pGWhXfVfkas,Ugx8y2m9SyrADaPObi94AaABAg,DO is the same person that hyped up Zach Wilson and Trey Lance üòÇ,4.0,2024-03-27T15:14:55Z,0.0,sports,0.0,0.0,0.0,0.0,0.0,0.0,0.0
DCA46T8vK7o,Ugz-53oYJ12b48J7kO14AaABAg,It really amazes me how many ppl really can‚Äôt tell this shit is riggedüòÇ Fucking handicaps,0.0,2024-03-10T04:14:54Z,0.0,sports,0.0,0.0,0.0,1.0,1.0,0.0,0.0
CSifismJyKY,Ugy_lp8oELYv0jqhSXl4AaABAg,#StartTreyLance</a>,0.0,2024-03-26T18:35:31Z,0.0,sports,0.0,0.0,0.0,0.0,0.0,0.0,0.0
mxAzxheDZag,UgzfzX_s3FrL55D7A1h4AaABAg,"As a falcon fan hurt by Arthur smith, I see he‚Äôs already ‚Äúsmithing‚Äù over in Pitt‚Ä¶ (it won‚Äôt be pretty hehe)",3.0,2024-03-26T23:56:32Z,4.0,sports,0.0,0.0,0.0,0.0,0.0,0.0,0.0
GTmJgMPHZ3U,UgxDuFbGduNM03-Ks994AaABAg,I bet Ohtani doesn‚Äôt bay over .300 this year. See what I did there? Too soon? üòÇ,0.0,2024-03-28T20:39:08Z,0.0,sports,0.0,0.0,0.0,0.0,0.0,0.0,0.0
yVLyWzIxhrQ,UgyRgnwX7qWnRLVAtER4AaABAg,"from 2:57</a>-2:59</a> look at Maldonado&#39;s bat, what is that? Fire or a logo?",0.0,2024-03-29T01:01:10Z,0.0,sports,0.0,0.0,0.0,0.0,0.0,0.0,0.0
vWAmEEhp72U,Ugw_y4nh8AndpHVYPo94AaABAg,"If you teo hand touch oush them foward, then they should ge down by fintagt where you pushed them.  Thats how stupid this is",0.0,2024-03-25T20:00:33Z,0.0,sports,0.0,0.0,0.0,0.0,0.0,0.0,0.0
kBniSheqDPY,UgzDvB-cadKYYPOBnih4AaABAg,Hachimura is nice he just need to be consistent,0.0,2024-03-03T03:52:57Z,0.0,sports,0.0,0.0,0.0,0.0,0.0,0.0,0.0
ok94i-2wI68,UgxDIC7ihIn71-ci98B4AaABAg,Bro had to make the banker Jewish üíÄ,0.0,2024-03-13T02:46:11Z,0.0,sports,0.0,1.0,0.0,0.0,0.0,0.0,0.0
Q9T4zd_Qhh4,UgyW52c_YXodKc8m2sd4AaABAg,Rui is going to be dangerous when he really starts to feel it,0.0,2024-03-23T05:08:46Z,0.0,sports,0.0,0.0,0.0,0.0,0.0,0.0,0.0
mMPfhknfGOw,UgyhAQcBuHjbKtRO2Xp4AaABAg,"Vagiants vs Scam Diego madres, the battle for 3rd place begins üòÇü§£",0.0,2024-03-29T02:37:38Z,1.0,sports,0.0,0.0,0.0,0.0,0.0,0.0,0.0
qv7a3NqZLcc,UgzltvLK_7daaLw04394AaABAg,"Mo won. Izzac has no playmaking, and Jason Terry is a liability at the sg",0.0,2024-03-23T23:37:37Z,0.0,sports,0.0,0.0,0.0,0.0,0.0,0.0,0.0
HAtHlGB78PE,UgxQynhkXks9NM05vr14AaABAg,Thanks for this. It was fun. I always look forward to watching your videos.,0.0,2023-11-24T15:00:15Z,0.0,sports,0.0,0.0,0.0,0.0,0.0,0.0,0.0
535TeF_p4SE,UgwHMORvmq2t5MxNHYd4AaABAg,Mamba Kyrie / uncle drew is back üîô at his best doing what he luv&#39;s,0.0,2024-02-07T01:22:55Z,0.0,sports,0.0,0.0,0.0,0.0,0.0,0.0,0.0
-i5JYpDP1r4,Ugx6vzICkL3nLHU7iI14AaABAg,I‚Äôm happy for TJ McConnell he‚Äôs a difference maker,1.0,2024-03-26T04:59:22Z,0.0,sports,0.0,0.0,0.0,0.0,0.0,0.0,0.0
DCA46T8vK7o,UgzXIHTEGVneIPsgpnd4AaABAg,Great W San Antonio,0.0,2024-03-10T04:14:54Z,0.0,sports,0.0,0.0,0.0,0.0,0.0,0.0,0.0
WMGJR7XCYo0,Ugzt9orxtsaooqqZknB4AaABAg,"Bill Veeck was a menace apparently, kinda wish people like this were still in charge, makes things more interesting.",0.0,2024-02-26T22:09:52Z,0.0,sports,0.0,0.0,0.0,0.0,0.0,0.0,0.0
N6Ca9A5gXgg,UgxYutEWTshwBJIf3TV4AaABAg,29 pts+13 asst=55 points.  Typical luka sharing the ball. Who else can put up those numbers? Lol,1.0,2024-03-26T03:22:53Z,0.0,sports,0.0,0.0,0.0,0.0,0.0,0.0,0.0
zRJZGmrTpi8,UgyMtVcngFZFtC1FEV14AaABAg,Camera quality of a college morning show @espn,0.0,2024-03-26T21:15:02Z,0.0,sports,0.0,0.0,0.0,0.0,0.0,0.0,0.0
LNW4RLLrA3s,Ugwoorqb2dJiwrz2tRh4AaABAg,"In terms of power pitchers, you start with Nolan Ryan and the rest you can just list them anyway you want.",0.0,2022-11-26T01:21:18Z,0.0,sports,0.0,0.0,0.0,0.0,0.0,0.0,0.0
54dUpNLDc90,Ugxk-UpJJnmqg2e-1zp4AaABAg,"John 3:16 For God so loved the world, that he gave his only begotten Son, that whosoever bel ieveth in him should not perish, but have everlasting life.",1.0,2024-03-25T01:34:15Z,0.0,sports,0.0,0.0,0.0,0.0,0.0,0.0,0.0
ChtjLV_XcAo,Ugw4C4eYDXK12Meb6CJ4AaABAg,Durant choked üò¢,0.0,2024-03-26T02:28:16Z,0.0,sports,0.0,0.0,0.0,0.0,0.0,0.0,0.0
B8YxYVZGWz0,UgyHlzQTVNrSpVG8pR14AaABAg,Who the hell is the white guyüòÇ,0.0,2024-03-22T23:42:28Z,0.0,sports,0.0,1.0,0.0,0.0,0.0,0.0,0.0
043hGaDNyWg,Ugw-0jyHRzY1LENxsFF4AaABAg,Only thing that can stop this team are INJURIES!,0.0,2024-03-29T00:54:53Z,0.0,sports,0.0,0.0,0.0,0.0,0.0,0.0,0.0
qJjn2oKhRMQ,UgwJIHHQxQloLUOVckl4AaABAg,Was there an an mj jersey underneath the kobe one üòÇüòÇ,1.0,2024-03-13T16:04:13Z,0.0,sports,0.0,0.0,0.0,0.0,0.0,0.0,0.0
GECZeMTlp80,UgyM5QXrK4iYMYCbWVB4AaABAg,If he breaks one little record you label his entire career???üòë,0.0,2024-03-12T21:00:15Z,1.0,sports,0.0,0.0,0.0,0.0,0.0,0.0,0.0
v5rjYx9V6LU,UgwzwpofDD4gpwg5UTZ4AaABAg,1:10</a> for Dodgers - 15 seconds for everyone else. Smh.,2.0,2024-03-29T13:14:37Z,0.0,sports,0.0,0.0,0.0,0.0,0.0,0.0,0.0
vP18YBLPo_4,UgwE__d8-15tV8Ts70J4AaABAg,Great for Tyler O‚ÄôNeill! That‚Äôs a nice record to hold,0.0,2024-03-29T05:22:05Z,0.0,sports,0.0,0.0,0.0,0.0,0.0,0.0,0.0
3J5Z_4XkfOw,UgwiucmkI7E1Q2NJIih4AaABAg,Keep that starting lineup. It worked last season and it&#39;s working now.,0.0,2024-03-11T04:06:39Z,0.0,sports,0.0,0.0,0.0,0.0,0.0,0.0,0.0
oEG14TwMOLY,UgydQR5By4x28K7OwBp4AaABAg,You should try switching to analog flick and directional hitting interface or try one or the other and see what you think,0.0,2024-03-28T17:00:40Z,0.0,sports,0.0,0.0,0.0,0.0,0.0,0.0,0.0
C0KeCy9JY40,Ugw9eCvV4Vuimhfz1bd4AaABAg,Bruh when you‚Äôre given 27 more free throws than the other team and they still almost beat you that‚Äôs pretty bad look for the league if they‚Äôre gonna continue to try and nurses these lakers to a post season,0.0,2024-03-25T04:34:50Z,0.0,sports,0.0,0.0,0.0,0.0,1.0,0.0,0.0
KhBKiUZieec,UgwksujvnlZeNdpkN4R4AaABAg,No foul,0.0,2024-03-28T03:34:09Z,0.0,sports,0.0,0.0,0.0,0.0,0.0,0.0,0.0
yPCFhMTGPqU,Ugwm7dvM_Rd39kn4mSF4AaABAg,Rays gonna find the groove and fight back üî•üî•üî• üü°üîµ,0.0,2024-03-29T02:34:58Z,0.0,sports,0.0,0.0,0.0,0.0,0.0,0.0,0.0
OSYRmlnDt7k,UgyZatgL3ogSEl0qtDh4AaABAg,"Dude its so free down here, its Alabama !",0.0,2024-03-03T21:16:22Z,0.0,jobEducation,0.0,0.0,0.0,0.0,0.0,0.0,0.0
4D6pRA1l0ac,UgzPHieWY9bj1z7k84R4AaABAg,evelyn like a proud mother fr,0.0,2022-09-07T12:00:02Z,0.0,jobEducation,0.0,0.0,0.0,0.0,0.0,0.0,0.0
bn_KRzohcAo,UgzhefgHbwRUrhrmepp4AaABAg,why did this stress me,0.0,2022-10-11T21:52:01Z,0.0,jobEducation,0.0,0.0,0.0,0.0,0.0,0.0,0.0
M0nVJ5RiDQs,Ugww4hAWnJjTe0wgqhd4AaABAg,Wow my college also has CRU!!! Love it for you ü•∞ü´∂,0.0,2023-01-30T22:54:10Z,0.0,jobEducation,0.0,0.0,0.0,0.0,0.0,0.0,0.0
U9jL5IhOkP0,UgxTrdFo4vlbGhCnRa14AaABAg,Is this real üòÇ if it is good job üòÇüòÖ,0.0,2023-04-11T17:00:24Z,0.0,jobEducation,0.0,0.0,0.0,0.0,0.0,0.0,0.0
689r2wTVsnw,UgyPm5K1MT1Jk5eKWcF4AaABAg,"I have a city job. With no qualifications and a GED, I make $100k+ just picking up garbage for about an hour at an airport. I chill for the rest of the day and eat food or whatever else there is to do for the remaining 7 hours.",0.0,2023-03-20T22:15:00Z,0.0,jobEducation,0.0,0.0,0.0,0.0,0.0,0.0,0.0
OIzeJQzO_6E,UgzjO0CCpZOkaLuR0ed4AaABAg,One of the most hilarious things ever,0.0,2023-05-15T18:00:09Z,0.0,jobEducation,0.0,0.0,0.0,0.0,0.0,0.0,0.0
Uk1WnZyfy50,UgwzP63_GmurYqSkAR54AaABAg,What about MNCs,0.0,2022-09-25T07:00:11Z,0.0,jobEducation,0.0,0.0,0.0,0.0,0.0,0.0,0.0
B7xmqFBuK9k,UgzdNQdrAwrwpSptYIl4AaABAg,Cameraman üî• This is their best performance to date. Strong from start to finish. üî• I the switch up + &quot; It&#39;s not&#39;s&quot;  at the end. Band going crazy .,7.0,2022-11-28T16:00:10Z,0.0,jobEducation,0.0,0.0,0.0,0.0,0.0,0.0,0.0
Ca2ZkMMoH14,Ugzxf2KJ7JLhkAbx30J4AaABAg,"i hope oxford can accept me even if im asian. ive tried really hard in school and my exams r later, i got 3 perfects last year..",0.0,2022-12-09T01:00:02Z,0.0,jobEducation,0.0,0.0,0.0,0.0,0.0,0.0,0.0
1KsLr6pQzdo,UgyEndEoh4kavxqK7yZ4AaABAg,Bro started an office war 5:49</a>,2.0,2022-08-04T14:14:18Z,0.0,jobEducation,0.0,0.0,0.0,0.0,0.0,0.0,0.0
dIubxSsOVSw,Ugza_oDh5v3azogSRiN4AaABAg,how has being gay and Chinese prevented you from being happy CUT TO literally the most perfect he makes.,0.0,2021-05-23T05:46:39Z,0.0,jobEducation,0.0,1.0,0.0,0.0,0.0,1.0,0.0
r8W6K7Lys0A,Ugwtm7rI8crZ-A30KUp4AaABAg,Is it possible to earn money even sitting in Pakistan?,1.0,2024-02-20T14:30:17Z,1.0,jobEducation,0.0,1.0,0.0,0.0,1.0,0.0,0.0
_GwdrXsMhrU,UgyyJa9Ssi5dcYnNCSZ4AaABAg,I like how you don‚Äôt randomly go buy every SINGLE nothing for your dorm just for aesthetics and actually use what you have already üò≠,4.0,2021-09-22T19:00:22Z,0.0,jobEducation,0.0,0.0,0.0,0.0,0.0,0.0,0.0
RaQYFNcUpZs,UgzumIcE8XtpuGYnxjl4AaABAg,I love applying for college.,1.0,2021-07-28T19:49:56Z,0.0,jobEducation,0.0,0.0,0.0,0.0,0.0,0.0,0.0
nxbhxT8_ZzY,Ugwv-MWAb16s1ONp8zV4AaABAg,"Hey, I&#39;ve got a CBI-based interview (Responsiveness, Safety Awareness, Results Focus and Scenario/ Roleplay) for an operations officer role at TFL... any tips you could share, please?",0.0,2024-03-27T11:47:32Z,2.0,jobEducation,0.0,0.0,0.0,0.0,0.0,0.0,0.0
KYIldbgmza0,UgxqAK_bVe-7NcRYNxV4AaABAg,I can‚Äôt believe we are the same university student üòÇüò≠,0.0,2022-07-12T14:00:22Z,0.0,jobEducation,0.0,0.0,0.0,0.0,0.0,0.0,0.0
a8E6VRglY0A,UgzlviS44lnnfKw0zIt4AaABAg,bro nobody talking about how wild they where with the store mf and also they are anoying as f*ck<br>üíÄüíÄ,1.0,2022-09-08T22:00:25Z,0.0,jobEducation,0.0,0.0,1.0,0.0,1.0,0.0,0.0
tP8tZLjqOxY,UgzqmQ_qS7jsB_YY_c14AaABAg,This totally misses jobs boils and that being why He scraped himself with broken pottery.,0.0,2023-05-24T19:44:59Z,0.0,jobEducation,0.0,0.0,0.0,0.0,0.0,0.0,0.0
bn_KRzohcAo,UgzS4r3RPGcVVDdEiJl4AaABAg,Now tell it in hashmap,0.0,2022-10-11T21:52:01Z,0.0,jobEducation,0.0,0.0,0.0,0.0,0.0,0.0,0.0
zqfyXkblfkA,UgxdL3jMCwtColwFwWx4AaABAg,"As a UC Berkeley student, I can fully say we have finally started get crime reports around the campus every other day now, might be some streaks but its not everyday now.",0.0,2022-07-06T14:57:05Z,0.0,jobEducation,0.0,0.0,0.0,0.0,0.0,0.0,0.0
KYIldbgmza0,Ugx_qGz63mm_kB-SNdp4AaABAg,No way u do this everyday,0.0,2022-07-12T14:00:22Z,0.0,jobEducation,0.0,0.0,0.0,0.0,0.0,0.0,0.0
hV-GWpUDI_I,UgyrD5c75lG2OBaJm_Z4AaABAg,i literally wanna go to the university of alabama now but i live too far away,0.0,2024-01-20T17:00:28Z,0.0,jobEducation,0.0,0.0,0.0,0.0,0.0,0.0,0.0
49t-WWTx0RQ,UgwuiEcV4GqEPZp3i0t4AaABAg,Kind of reminds me of the AI Durandal from Marathon,0.0,2019-08-21T18:00:00Z,0.0,jobEducation,0.0,0.0,0.0,0.0,0.0,0.0,0.0
OSYRmlnDt7k,UgwhqgrtvAir2cCBSgd4AaABAg,Jesus is king. Jesus loves and saves. He wants you. Give your heart to Him. ‚úùÔ∏è‚ù§Ô∏è‚ù§Ô∏è‚úÖ‚úÖüëëüëëüëëüôèüôè‚ù§Ô∏è‚ù§Ô∏è‚úùÔ∏è‚úùÔ∏è‚úÖ‚úÖüôèüëëüëëüëë‚úÖ‚ù§Ô∏è‚úùÔ∏è‚úùÔ∏è‚ù§Ô∏è‚úÖ‚úÖüôèüôèüëëüëë‚úÖ‚ù§Ô∏è‚ù§Ô∏è‚úùÔ∏è‚úùÔ∏è‚úùÔ∏è‚úÖüôèüôèüëëüëë‚úÖ‚ù§Ô∏è‚úùÔ∏è‚úùÔ∏è‚úùÔ∏è‚úÖüôèüëëüôè‚ù§Ô∏è‚úùÔ∏è‚úùÔ∏è‚úùÔ∏è,0.0,2024-03-03T21:16:22Z,0.0,jobEducation,0.0,0.0,0.0,0.0,0.0,0.0,0.0
lJZMJ5yPPlE,Ugx9R_tSv2EpBty2Hu94AaABAg,These jobs are unrealistic. &lt;----,0.0,2021-10-13T19:15:01Z,0.0,jobEducation,0.0,0.0,1.0,1.0,1.0,0.0,0.0
OEMCyYa7ViM,Ugw7PPo0nXo0diSz1wR4AaABAg,"I&#39;m in my first year of bachelor of nursing and idk what the fuck you&#39;re on about. I&#39;m swamped with biochemistry, physiology, anatomy tests, assignments, group projects, plus practical clinical skill exams and I&#39;M NOT EVEN IN THE HOSPITAL YET",0.0,2022-07-13T15:02:43Z,0.0,jobEducation,0.0,0.0,1.0,0.0,1.0,0.0,0.0
MkK8yHSKUVc,UgzuAoeI3c7hIjZYthp4AaABAg,So can I work only 2 hours and be alright?,0.0,2023-05-03T00:00:14Z,0.0,jobEducation,0.0,0.0,0.0,0.0,0.0,0.0,0.0
Wv_0_Lu_Iyo,UgwGngADxKImLYs1vmZ4AaABAg,As a half Cuban American who dad side of the family that escaped from Cuba and he proud American libertarian People saying that Cuba is a socialist success is idiotic to me,0.0,2023-03-28T21:13:19Z,0.0,jobEducation,0.0,1.0,0.0,0.0,0.0,0.0,0.0
kJ8xaL23r3c,UgzyHYsMzVLWoV22rXN4AaABAg,"Hello., can I ask you a question, about Deaf can remote from work, no phone no talking, which is the best for the remote from work?",0.0,2022-10-20T20:00:10Z,0.0,jobEducation,0.0,0.0,0.0,0.0,0.0,0.0,0.0
1JrJuT3rF3I,Ugybtfo9sp8s7bsMeRB4AaABAg,"Job&#39;s story is truly humbling. Your presentation captured the essence of his journey with such sincerity and reverence. It&#39;s a reminder that even in the midst of suffering, there&#39;s strength to be found in faith and resilience.",10.0,2023-12-15T01:00:12Z,1.0,jobEducation,0.0,0.0,0.0,0.0,0.0,0.0,0.0
NzoMIS4n1iw,Ugw1ZVHjvc8AlB5-oOZ4AaABAg,This is why Im joining the Navy lmao,0.0,2023-10-25T21:00:02Z,0.0,jobEducation,0.0,0.0,0.0,0.0,0.0,0.0,0.0
lJZMJ5yPPlE,Ugx11ry1r2ktgieV2gt4AaABAg,Investment banker without college????,0.0,2021-10-13T19:15:01Z,0.0,jobEducation,0.0,0.0,0.0,0.0,0.0,0.0,0.0
uoVZkYVGpXk,Ugzss6yfYMOpCwOTRdx4AaABAg,Ice beer ice cream,1.0,2022-06-04T15:00:08Z,0.0,jobEducation,0.0,0.0,0.0,0.0,0.0,0.0,0.0
KYIldbgmza0,UgwPjfm-U0CRcRWJOPd4AaABAg,Im sorry i might sound weird and awkward but your really handsome,0.0,2022-07-12T14:00:22Z,0.0,jobEducation,0.0,0.0,0.0,0.0,0.0,0.0,0.0
NzoMIS4n1iw,UgyOIxHOHlfQhvxPvuR4AaABAg,"Fun fact: this is true but not always, it‚Äôs only for burdie since I expect Hes paying not that much therefore he got into a hard college so the more you pay for college, the better it is",0.0,2023-10-25T21:00:02Z,0.0,jobEducation,0.0,0.0,0.0,1.0,0.0,0.0,0.0
plapTRhUHlA,UgxaJoK0f9Ddt52gceJ4AaABAg,This makes me want cry,0.0,2022-08-06T23:15:01Z,0.0,jobEducation,0.0,0.0,0.0,0.0,0.0,0.0,0.0
xbY1s9Ane-g,UgwS8waNllShB785kY14AaABAg,Make another compilation of the new ones of these!,1.0,2023-01-11T23:31:57Z,0.0,jobEducation,0.0,0.0,0.0,0.0,0.0,0.0,0.0
m8E4lyNIeCI,UgyF26F_KRRCZn1cBzx4AaABAg,"Roses are red, violets are blue and the last sink just look at his shirt at his right arm is a necklace",0.0,2023-06-02T19:31:17Z,0.0,jobEducation,0.0,0.0,0.0,0.0,0.0,0.0,0.0
9MIwfLrRbZ8,Ugx6gMTYkP61sdKvkiV4AaABAg,Damn I make the median salary of an engineer including my retirement despite not yet having a degree. Feel pretty great and didn‚Äôt have to kill myself getting an engineering degree. Although engineers will put earn me eventually.,0.0,2022-05-19T14:01:51Z,0.0,jobEducation,0.0,0.0,0.0,0.0,1.0,0.0,0.0
OEMCyYa7ViM,UgydM1xVXi46CP-kLel4AaABAg,I think you mixed up psychology and physics majors,0.0,2022-07-13T15:02:43Z,1.0,jobEducation,0.0,0.0,0.0,0.0,0.0,0.0,0.0
RxUb7yFASV4,UgykE9ezyXR3oufVmk14AaABAg,WHY is racial/ethnic status put under considered?,0.0,2022-07-08T21:41:35Z,0.0,jobEducation,0.0,0.0,0.0,0.0,0.0,0.0,0.0
BE40pO2r1oU,UgxSt6O2KTKBSFGFhFp4AaABAg,This is one of the few songs that never gets old or bad no matter how viral it gets.,0.0,2023-12-08T08:32:58Z,0.0,jobEducation,0.0,0.0,0.0,0.0,0.0,0.0,0.0
JdDFnVAL6pc,UgzEq6RRIHgu6dBpQqR4AaABAg,"Master minds convinced yall to pay all that tuition for nothing. Most jobs only pay 75,000 . I didn&#39;t attend college I make 75000 with out it and I&#39;m on my way to retire in 5 yrs. Still young enough to get another career after 25 years with this one. And I work for myself  on the side barbering.",1.0,2024-03-01T01:59:58Z,1.0,jobEducation,0.0,0.0,0.0,1.0,1.0,0.0,0.0
689r2wTVsnw,UgxeACg3A9DKoxMHWZl4AaABAg,"I just realized Homer&#39;s job pays well, and could probably afford a similar house in the show.",0.0,2023-03-20T22:15:00Z,0.0,jobEducation,0.0,0.0,0.0,0.0,0.0,0.0,0.0
JdDFnVAL6pc,UgyWyuriDULkNYgTwBB4AaABAg,Maybe you shouldn‚Äôt major in sociology‚Ä¶lol,0.0,2024-03-01T01:59:58Z,1.0,jobEducation,0.0,0.0,0.0,0.0,0.0,0.0,0.0
ajavsMbCapY,UgzB4_a9DzRlNOcs7AV4AaABAg,I haven&#39;t trusted any of the polls since 2016.,0.0,2020-10-31T12:00:01Z,0.0,jobEducation,0.0,0.0,0.0,0.0,1.0,0.0,0.0
M0nVJ5RiDQs,UgwvD-1cJ310pSoyych4AaABAg,I love the libraries!! They were so beautiful!!,1.0,2023-01-30T22:54:10Z,0.0,jobEducation,0.0,0.0,0.0,0.0,0.0,0.0,0.0
9MIwfLrRbZ8,UgykF5ROUt_QE_Tl7zd4AaABAg,Licensed cosmetologist .. I make $140k a year working about 35 hrs a week. i‚Äôm wanting to go back to school for BA in business  because i have RA and know my hands can give out .,0.0,2022-05-19T14:01:51Z,0.0,jobEducation,0.0,0.0,0.0,0.0,0.0,0.0,0.0
KYIldbgmza0,UgwN9GvRnr8rfuuVZ4R4AaABAg,Too much study üòÆüòÆüòÆ you need to balance your study and life,0.0,2022-07-12T14:00:22Z,0.0,jobEducation,0.0,0.0,0.0,0.0,0.0,0.0,0.0
O3JR28-mZWY,UgxGfjH1zKEZ5V68paJ4AaABAg,"Maybe it really depends on where you are from?? I&#39;m like from Russia, so I&#39;m like üòÆ",0.0,2022-12-07T15:00:11Z,0.0,jobEducation,0.0,1.0,0.0,0.0,0.0,0.0,0.0
nxbhxT8_ZzY,Ugy7MMh9vO3Q67xVzQ94AaABAg,Hii. I have an interview at Amazon for the role of LMAQ Quality associate. I have a career gap lo 7 yrs after my graduation as I was preparing for other government exams. How can I give a justifiable answer for this question?,0.0,2024-03-27T11:47:32Z,1.0,jobEducation,0.0,0.0,0.0,0.0,0.0,0.0,0.0
JdDFnVAL6pc,UgwnF0keYlKy_Cn8jfp4AaABAg,"88% of millionaires graduated from college,<br>75% of people who make 100k+ have degrees.",0.0,2024-03-01T01:59:58Z,0.0,jobEducation,0.0,0.0,0.0,0.0,0.0,0.0,0.0
YDY9srs0Y7Y,UgyJvhoXkzcAB97knqh4AaABAg,Jesus is this the kinda shit that happens in those Non Luxury Dealerships?ü§®,0.0,2020-08-21T21:39:10Z,0.0,jobEducation,0.0,0.0,1.0,0.0,1.0,0.0,0.0
YR2HO3Jnx9U,Ugxm7ALqocvAquRYEtB4AaABAg,He‚Äôs right that water bottle that he‚Äôs using is amazing,0.0,2023-03-14T03:10:53Z,0.0,jobEducation,0.0,0.0,0.0,0.0,0.0,0.0,0.0
KYIldbgmza0,UgwyUmV07FjGf-v-jwl4AaABAg,Load of bullshit,0.0,2022-07-12T14:00:22Z,0.0,jobEducation,0.0,0.0,1.0,0.0,0.0,0.0,0.0
jrVABIl384g,UgwwHtldNJa6xBATOZN4AaABAg,"Not all frat guys are jocks. Not all sorority girls are hoes. Unironically using the term ‚ÄúNPC‚Äù is super cringe. I get it‚Äôs satire, but you can do better.",0.0,2023-10-16T16:09:10Z,0.0,jobEducation,0.0,0.0,1.0,0.0,0.0,0.0,0.0
JBO6T5kiNxw,UgyUa218lkIhcIXAl8l4AaABAg,who hate school<br>üëá,0.0,2022-03-17T13:45:00Z,0.0,jobEducation,0.0,0.0,0.0,0.0,0.0,0.0,0.0
1C4IECKqsDg,Ugzd28xd9LMhNcIc6fB4AaABAg,Yes mam I interested,0.0,2023-03-23T12:36:00Z,0.0,jobEducation,0.0,0.0,0.0,0.0,0.0,0.0,0.0
r7B3foz0sOM,UgyXW5CIwknJiqwCHCx4AaABAg,There are such animals in this world,0.0,2023-03-23T06:01:00Z,0.0,entertainment,0.0,0.0,0.0,0.0,0.0,0.0,0.0
KKQeNyOiQYg,UgwnCI_7JHNlqJMTYBd4AaABAg,Baby I am yours wanna be yoursüòÇüòÇ,0.0,2022-11-05T14:52:16Z,0.0,entertainment,0.0,0.0,0.0,0.0,0.0,0.0,0.0
MDj1CvTpC-U,UgwUXHWcPdEE3jS9nQB4AaABAg,Click to view the full versionÔºöhttps://youtu.be/bPZvTga0zf4,216.0,2022-10-01T16:00:13Z,185.0,entertainment,0.0,0.0,0.0,0.0,0.0,0.0,0.0
AzyIZzO9zgI,Ugy0n8dMiKxC2sceYy54AaABAg,Very nice to see such a high quality short film. Best one I have seen yet here. Looks like a mainstream production.,1.0,2024-03-25T16:00:01Z,0.0,entertainment,0.0,0.0,0.0,0.0,0.0,0.0,0.0
BgIsiwWcNDU,UgwDcKmr6qkVNUqhPsF4AaABAg,why making me feel loved? then one day your feelings disappear?,0.0,2022-06-02T01:40:10Z,0.0,entertainment,0.0,0.0,0.0,0.0,0.0,0.0,0.0
mk3XycambgI,UgypqFNGOCiwR1NbJLN4AaABAg,I have a crush at school her name is grace and mine is sashank  she is smaller then meüòä,0.0,2022-11-02T14:01:46Z,0.0,entertainment,0.0,0.0,0.0,0.0,0.0,0.0,0.0
C5x3ZtyI1_c,UgzvYNFqpfQPq22Pemd4AaABAg,Cool,1.0,2023-01-11T23:00:05Z,0.0,entertainment,0.0,0.0,0.0,0.0,0.0,0.0,0.0
Zzh4yeQ0zhY,UgwaiOGfJI9E9cuvq654AaABAg,This  song is awesome ‚ù§‚ù§‚ù§‚ù§‚ù§‚ù§‚ù§‚ù§‚ù§‚ù§‚ù§‚ù§‚ù§‚ù§‚ù§‚ù§‚ù§,0.0,2022-12-25T19:09:00Z,0.0,entertainment,0.0,0.0,0.0,0.0,0.0,0.0,0.0
mk3XycambgI,Ugy4QEQaTpvszJe_afl4AaABAg,I&#39;ve no boy friend but I have a friend who faces  a problem like this . I feel not okay for her. And I can feel her cause she is my best friend she is so sad.üò≠üò≠üò≠üò≠üò≠üò≠. She shares with me everything about her .,1.0,2022-11-02T14:01:46Z,0.0,entertainment,0.0,0.0,0.0,0.0,0.0,0.0,0.0
mgT0N3tMP74,UgxtNm3Pplysmw4WUYp4AaABAg,This is staying here to remind me of the song.,3.0,2022-08-30T14:18:26Z,0.0,entertainment,0.0,0.0,0.0,0.0,0.0,0.0,0.0
RokNFc6n4Xw,Ugwb3NtTAZEUO03-0Op4AaABAg,Cupid is so good<br>SIKEüòÇüòÇ<br>Cupid is trashhhüòÇüòÇüòÇüòÇ,0.0,2023-04-02T08:30:07Z,0.0,entertainment,0.0,0.0,1.0,0.0,0.0,0.0,0.0
n582rjoeE2o,Ugzg-i9fau0vd2HPHkh4AaABAg,I just realize that this song is for Jesus Christ ‚ô•Ô∏èü•∞,0.0,2020-09-21T18:42:32Z,0.0,entertainment,0.0,0.0,0.0,0.0,0.0,0.0,0.0
p5SYBGgqVXI,UgzO-IST1idfq10xHdd4AaABAg,I need ebo and Shango <br>ü™ì‚ù§Ô∏è‚ù§Ô∏è‚ù§Ô∏è‚ù§Ô∏è‚ù§Ô∏è‚ù§Ô∏è,1.0,2022-06-06T18:06:39Z,0.0,entertainment,0.0,0.0,0.0,0.0,0.0,0.0,0.0
mgT0N3tMP74,UgzEk2J439Jna7hkrgV4AaABAg,I love this song,2.0,2022-08-30T14:18:26Z,0.0,entertainment,0.0,0.0,0.0,0.0,0.0,0.0,0.0
H35fBVOt63Q,UgzUk2jsVFuq_dePRoJ4AaABAg,What title movie is this?,0.0,2023-06-24T14:15:00Z,0.0,entertainment,0.0,0.0,0.0,0.0,0.0,0.0,0.0
AzyIZzO9zgI,UgxsEnW8HLUYGw18z6B4AaABAg,A wonderful film.,1.0,2024-03-25T16:00:01Z,0.0,entertainment,0.0,0.0,0.0,0.0,0.0,0.0,0.0
P8eeMgzzgi4,UgxX_RB82dbTkOMWW754AaABAg,My life in one song üò¢‚ù§,1.0,2022-05-09T10:01:36Z,0.0,entertainment,0.0,0.0,0.0,0.0,0.0,0.0,0.0
HDe7GYpxq9g,Ugx8U_Ljt5w6QII8jSZ4AaABAg,I taught Ed Sheeran everything he knows.<br>Prove me wrong.,0.0,2021-04-17T18:06:15Z,0.0,entertainment,0.0,0.0,0.0,0.0,0.0,0.0,0.0
f1RIbYIX7bA,UgyucMeMpRYVEpMD02d4AaABAg,Math is off. Earth has only been around 6000 years. If the earth was as old as they say we wouldn&#39;t have mountains or a moon. The oceans wouldn&#39;t be able to support life because of the salt and mineral levels ect...,0.0,2024-03-20T21:50:31Z,0.0,entertainment,0.0,0.0,0.0,0.0,0.0,0.0,0.0
HDe7GYpxq9g,UgyHPQAv026epISk2PF4AaABAg,Jaywon and Jakeüíó,0.0,2021-04-17T18:06:15Z,1.0,entertainment,0.0,0.0,0.0,0.0,0.0,0.0,0.0
UzXP7bwx5Nk,UgwvRx9yP0HzDl_rf7F4AaABAg,Almost every comment is like ‚Äúthe second girls voice is so angelic‚Äù and I‚Äôve seen a few asking if she had a yt channel but I thought this was her channel,1.0,2022-10-31T19:34:26Z,0.0,entertainment,0.0,0.0,0.0,0.0,0.0,0.0,0.0
j-2xHmcKkcY,Ugz1Ow_sqypto4yextp4AaABAg,"Has anyone had problems with breathlessness,when exercising if you push to much you feel like you are going to stop breathing.",0.0,2023-04-24T17:49:31Z,0.0,healthcare,0.0,0.0,0.0,0.0,0.0,0.0,0.0
TunV-03_D_0,UgxSIOGgItFrpGAMkxt4AaABAg,I&#39;m not a doctor but Kefir drink makes better,1.0,2021-12-09T13:30:06Z,3.0,healthcare,0.0,0.0,0.0,0.0,0.0,0.0,0.0
OTrzXPTM0IE,UgyZ4Ol0Aha-9NRzJEp4AaABAg,Was it covid or OCD,0.0,2023-04-20T14:43:05Z,0.0,healthcare,0.0,0.0,0.0,0.0,0.0,0.0,0.0
QJDvlzDR9pg,Ugwa0xwt4-uNz9yKCDJ4AaABAg,Seb how are you? Hoping your able to update on us how your doing,0.0,2020-02-15T14:00:03Z,0.0,healthcare,0.0,0.0,0.0,0.0,0.0,0.0,0.0
DwgaIc3v3B0,Ugxz1XOhQ8cK5oz8_tl4AaABAg,New meditation video: https://youtu.be/VggHZLbX5K8</a>,2.0,2019-07-22T15:47:11Z,0.0,healthcare,0.0,0.0,0.0,0.0,0.0,0.0,0.0
9XoI5jF1qoA,UgwSuHjYR2AbPK9FfGV4AaABAg,Love our videos? Check out our new courses made entirely with videos like this (without watermark): https://www.alilaacademy.com/</a>,5.0,2019-07-09T19:09:19Z,0.0,healthcare,0.0,0.0,0.0,0.0,0.0,0.0,0.0
-55710WMpRY,Ugy2hBBcYL9U1OI-O7p4AaABAg,Is pausing at the start of the rep okay if all tension is lost? E.g. during a calf raise. is that the purpose?,0.0,2023-01-06T12:00:00Z,0.0,healthcare,0.0,0.0,0.0,0.0,0.0,0.0,0.0
Y9TLwMDKkfE,Ugy87XMkTsCpK7WJfTZ4AaABAg,Can I hang if shoulder bursitis is currently painful?  I am active and can hang easily for 30 seconds at a time but I do have a bad stage of inflammation right now.  Not sure if I need to wait before starting regularly.,0.0,2021-01-05T17:00:29Z,0.0,healthcare,0.0,0.0,0.0,0.0,0.0,0.0,0.0
0YWZdCjWt-A,UgxR853cOtGxbqRX3AZ4AaABAg,"Meeting Dr Ogoh on youTube is the best day of my life for curing my Cancer permanently, After 12 days of taking his Herbal medication I ordered, i also went for a test at the Hospital and the doctor there Confirmed it. Thanks doctor I‚Äôm forever grateful üôè",7.0,2021-04-26T21:36:57Z,0.0,healthcare,0.0,0.0,0.0,0.0,1.0,0.0,0.0
_tMORbU5c3Y,Ugz9JgEcNjN80Ql2O4B4AaABAg,Now i hate dogsüò≠ i might run away from ppl who has rabies,0.0,2021-02-18T13:30:08Z,0.0,healthcare,0.0,0.0,0.0,1.0,0.0,0.0,1.0
Og0m9qFkO8k,Ugyg1pxFzUh6tT8UNqB4AaABAg,I can&#39;t sleep from all the pain so I came here. It&#39;s already 2am,5.0,2019-03-24T14:46:31Z,1.0,healthcare,0.0,0.0,0.0,0.0,0.0,0.0,0.0
kopaa5dI48U,UgwXhQl_9BfAT5OAd9h4AaABAg,Nothing just burning in upper stomach in morning only after waking up ??,1.0,2021-05-12T14:00:26Z,0.0,healthcare,0.0,0.0,0.0,0.0,0.0,0.0,0.0
jPs4_MeuX7U,UgwfBaUvP15ZTlI6zbh4AaABAg,The three most terrifying words. I&#39;m here from the government and I&#39;m here to help,0.0,2024-02-22T04:25:05Z,0.0,healthcare,0.0,0.0,0.0,1.0,1.0,1.0,1.0
auP95Xr59F0,UgyLUE2kfcaCoe0aLoB4AaABAg,"How much time it takes to recover? And can we join the gym? After 2,3 months?",0.0,2023-02-24T05:00:04Z,0.0,healthcare,0.0,0.0,0.0,0.0,0.0,0.0,0.0
CutRFPEeftk,UgzBAXSjJKVumhQT1qd4AaABAg,Its not only effective but also affordable. igrotum is a real game-changer for those looking for accessible cancer treatment.,0.0,2021-11-30T13:18:05Z,0.0,healthcare,0.0,0.0,0.0,0.0,1.0,0.0,0.0
zyz8y0Ccuqo,UgxHZberNFXmj8VomH54AaABAg,"Hello, can I have this injury but feel the pain only in my forearm? Thanks. I have watched your video for FDP and the test led me here but soon find out you only talk about the pain in the palm which I do not have at all.",0.0,2021-05-14T16:00:36Z,2.0,healthcare,0.0,0.0,0.0,0.0,0.0,0.0,0.0
E0IBMWQDEH4,UgyXuIoMGlsM6vl2xhh4AaABAg,The ads interrupting this video makes it very difficult to focus,0.0,2019-07-02T21:39:29Z,0.0,healthcare,0.0,0.0,0.0,0.0,0.0,0.0,0.0
jPs4_MeuX7U,UgwYoVkarNKJH9SMj7h4AaABAg,"I would‚Äôve rather have been wrong about this than right. If I was wrong, at least it would‚Äôve been my life at risk, but now I know almost all of my loved ones are at risk and it outweighs the care I have for my own survival. Just wish they would‚Äôve listened.",0.0,2024-02-22T04:25:05Z,0.0,healthcare,0.0,0.0,0.0,0.0,0.0,0.0,0.0
WRx7q4Mb_AY,UgzEjz3Ie1ZSEz_o3XB4AaABAg,I wish the audio was louder.,1.0,2020-06-13T02:11:53Z,0.0,healthcare,0.0,0.0,0.0,0.0,0.0,0.0,0.0
R6EFevkcPr4,UgzOVEhiu0z0TZHcCIB4AaABAg,Thank you so much for watching! Be sure to check out the blog with references: https://e3rehab.com/blog/quads/</a>,6.0,2021-11-21T14:00:16Z,3.0,healthcare,0.0,0.0,0.0,0.0,0.0,0.0,0.0
wGhUmdYqy9Y,UgyzbbQP-eKIHnjXCY54AaABAg,brilliant. first video i looked at too.,0.0,2022-10-30T13:00:29Z,0.0,healthcare,0.0,0.0,0.0,0.0,0.0,0.0,0.0
LlgL83nhhQA,UgwpawmpjqYwOgfSYI94AaABAg,Biggest scam in human history. Defund CDC and WHO,0.0,2024-03-12T00:16:48Z,0.0,healthcare,0.0,0.0,0.0,1.0,1.0,1.0,1.0
AHeCHaSBTXo,UgzmJW4Kkyv-N280uxJ4AaABAg,Ulnar dislocation treatment?,0.0,2021-08-16T16:46:08Z,2.0,healthcare,0.0,0.0,0.0,0.0,0.0,0.0,0.0
WRx7q4Mb_AY,UgzpWKQ44Fj9Q91TE2J4AaABAg,"When I squat or do Bulgarians, my right inner knee hurts and my on my left leg right above the knee on the outter side goes numb, why could that be?",1.0,2020-06-13T02:11:53Z,1.0,healthcare,0.0,0.0,0.0,0.0,0.0,0.0,0.0
Sx-hpkXHZNg,UgyG4_FX1tjb9Y9apcR4AaABAg,"Fauci was part of this <br>&quot;Crime of the Century&quot;<br>We should show great respect to this interview and to this individual who wasn&#39;t afraid to speak out. Fauci had an ego and narcissistic character that was unmistakable, and for myself, it made me very suspicious. You won&#39;t hear any apologies from China&#39;s CCP or Fauci.",0.0,2023-03-21T15:46:40Z,1.0,healthcare,0.0,0.0,0.0,1.0,1.0,1.0,1.0
uQK9i-prv3M,Ugwv1ThqotBiXapMG_B4AaABAg,,1.0,2023-12-14T05:00:11Z,0.0,healthcare,0.0,0.0,0.0,0.0,0.0,0.0,0.0
7Fg9nQnncI8,UgyujIvJrmFSGr1ib6x4AaABAg,"Extensively time that step we are afraid to take might just be the right one. I thank you, Dr Awopegba on YouTube for your inducement and for not allowing me down throughout the whole revolution. Your medication to regale HIV  is super tremendous I am delighted to came across your YouTube channel",1.0,2023-05-25T17:40:04Z,0.0,healthcare,0.0,0.0,0.0,0.0,0.0,0.0,0.0
DwgaIc3v3B0,UgyKfoLUF9TIG5cRu8p4AaABAg,"Do you do anything like this for Pregnancy sickness, my niece is sick constantly throughout the day, it&#39;s really getting her down x",1.0,2019-07-22T15:47:11Z,0.0,healthcare,0.0,0.0,0.0,0.0,0.0,0.0,0.0
_UkSPWGwCgs,UgwFCAQgkR1fYg2TupR4AaABAg,Hi I have had this 4 about7years but now I am concerned because I am constipation is this nomel it started 5 months ago but been through a lot of stress could you let me no,0.0,2023-02-13T00:00:22Z,0.0,healthcare,0.0,0.0,0.0,0.0,0.0,0.0,0.0
pnCnOEGsOBA,UgwoXdg-Bieu0UwYcMh4AaABAg,"That‚Äôs how Nurkic snapped his foot/leg, dude was relatively lucky.",1.0,2024-03-11T01:19:41Z,0.0,healthcare,0.0,0.0,0.0,0.0,0.0,0.0,0.0
eznEho1GzGo,UgyMBS68MfJ7mcij15N4AaABAg,Wasn&#39;t covid originally thought to originate next to a bioweapons lab in Wuhan?,0.0,2023-12-28T01:20:39Z,0.0,healthcare,0.0,0.0,0.0,1.0,1.0,0.0,0.0
4TNatLEyFAo,UgxEGgGDE5XjxesOuNp4AaABAg,"Or here‚Äôs another alternative news title, the vaccine is causing heart to explode",1.0,2023-12-29T10:48:20Z,0.0,healthcare,0.0,0.0,0.0,1.0,1.0,0.0,0.0
iMknixaRkHk,UgxeiWl4t_5D0S__jxp4AaABAg,"When I sit at table and lean forward .. continuously, at work , I find that , I have difficulty breathing. .. not sure what this means",0.0,2023-02-06T13:00:25Z,0.0,healthcare,0.0,0.0,0.0,0.0,0.0,0.0,0.0
p2XJCggsoRk,Ugx3ZQMg-Ok2qpNN4-94AaABAg,We dont play covid at our house,3.0,2024-01-29T16:16:45Z,0.0,healthcare,0.0,0.0,0.0,0.0,0.0,0.0,0.0
N9yUmduG820,UgwQ_CJaxkWOkSTnfzl4AaABAg,"Thanks for sharing this information, I&#39;ve been watching your videos and learning too much about heart attacks. Also, 
<br>I&#39;m using the amazing product of Planet Ayurveda for the treatment of heart attacks.",0.0,2022-02-08T21:03:57Z,0.0,healthcare,0.0,0.0,0.0,0.0,0.0,0.0,0.0
UG7fGycVDtU,Ugwb_6C6-2zd2--cscd4AaABAg,I walked on my ankle for a month. Because the dr was thinking it‚Äôs just a low ankle sprain. Turns out I had a high ankle sprain. So I ruptured it and now I‚Äôm here dealing with if I have to go through surgery next weeks,2.0,2022-05-22T13:00:24Z,0.0,healthcare,0.0,0.0,0.0,0.0,0.0,0.0,0.0
p2XJCggsoRk,UgxgZRhDB_FlwwVA3jV4AaABAg,Anyone testing positive for covid with no symptoms is to stupid to work.,0.0,2024-01-29T16:16:45Z,0.0,healthcare,0.0,0.0,1.0,1.0,1.0,0.0,0.0
irjsEc_J4Zk,Ugz4zEAfm-9VYAyeeE54AaABAg,Ok now I&#39;m really scared i already have colon problems dr already saying should remove part of Colon because my colon isn&#39;t working well stomach is always swollen and hurts especially when I eat constantly constipation always i tried malax and linzes nothing helps plus on lots of meds nothing helps üò≠,0.0,2022-09-06T02:05:25Z,0.0,healthcare,0.0,0.0,0.0,0.0,0.0,0.0,0.0
sARA3p2RKGU,UgyuzLe_Qa-VKtEoVER4AaABAg,This was trumps fault. He butchered the response. He was a huge problem. Keep that gross diaper baby away from power,1.0,2024-03-07T23:26:53Z,0.0,healthcare,0.0,0.0,0.0,0.0,1.0,1.0,0.0
N6Qf4kIFZaQ,UgynPYadIVqYJECpMZF4AaABAg,I love that you break down dpo timeline,0.0,2021-03-19T14:47:07Z,0.0,healthcare,0.0,0.0,0.0,0.0,0.0,0.0,0.0
OPU5teSONhE,UgznlRVuFYJiyezDiZ14AaABAg,"This was super helpful! I&#39;ll have to see if I can set up places where I can tie the bands to. Either way, this gave me a few ideas how  I could set it up! I just got diagnosed with high hamstring tendinopathy and will be doing these exercises until my app with a specialist! :)",1.0,2020-01-23T15:45:48Z,1.0,healthcare,0.0,0.0,0.0,0.0,0.0,0.0,0.0
cMz_sTgoydQ,UgzDmkuwKXeN1vdcPVN4AaABAg,John voight you fascist phawk,0.0,2020-11-16T07:30:01Z,0.0,politics,0.0,0.0,1.0,1.0,0.0,0.0,0.0
0nrZwGbf55w,UgyUIt9gXN0Y72Cw-Kt4AaABAg,"üòÆShocking, not endorsing the person who supported/ endorsed Pence‚Äôs beheadingüôÑ.",0.0,2024-03-15T23:17:40Z,0.0,politics,0.0,0.0,0.0,1.0,1.0,1.0,0.0
jVdBhu0KgJo,UgzMqzfvu5HEeZpOZ8x4AaABAg,The copper golem is the most mob which fit the update of the 1.21 tinkering update with lots of copper items.,1.0,2021-10-13T15:00:23Z,0.0,politics,0.0,0.0,0.0,0.0,0.0,0.0,0.0
TPv15evNVgA,UgyI1QS_2kFmL_mGO_d4AaABAg,SBI has still not disclosed the bonds database of more than 4000 crores. Newslaundry just broke the news on it,2.0,2024-03-15T11:56:50Z,0.0,politics,0.0,0.0,0.0,0.0,1.0,0.0,1.0
IaPuKdI5vAk,UgyBYMm0zeVSSntdORN4AaABAg,Correct. I&#39;m an ESTJ and the two worst people I&#39;ve ever known are both ISFPs. The world would be a better place if they lived on Mars.,0.0,2022-03-11T16:59:52Z,0.0,politics,0.0,0.0,0.0,1.0,0.0,0.0,1.0
YgR3uK8nCQo,UgxqkMsYqUfzC9VM-sp4AaABAg,There are too many stupid like this in America.,0.0,2024-03-19T23:25:17Z,0.0,politics,0.0,0.0,0.0,1.0,1.0,0.0,0.0
8gjqTLX0QUo,UgyMnDQIPCls53_8uIB4AaABAg,They picked a good number this time,0.0,2024-03-18T21:57:26Z,0.0,politics,0.0,0.0,0.0,0.0,0.0,0.0,0.0
ApVCi1Zzx4Q,UgxNQlzv0_GHcXeVVtx4AaABAg,In a you dream so sit down pnp  and jlp  is the same thing,0.0,2024-02-27T19:04:18Z,0.0,politics,0.0,0.0,0.0,1.0,0.0,1.0,0.0
lTGubB48Deg,UgxQj2BqEC4PJBylk1N4AaABAg,iam 82+you are pleasant and have high sinceriety  and bless you<br>and pray for india,0.0,2024-03-19T08:37:03Z,0.0,politics,0.0,0.0,0.0,0.0,0.0,0.0,0.0
MoP1Z2ZGpv8,UgytPJ4dMlR1m1PvMz54AaABAg,Feku mediya .congressparty open jit rahi he,2.0,2023-05-13T03:29:27Z,0.0,politics,0.0,0.0,0.0,1.0,0.0,1.0,0.0
xYVlyqKAPAM,UgxJEfQFNASpGTHcTcF4AaABAg,People had been standing on cold streets for 3 hours to put the ballot. No electronic BS. And 80 percent voted for Putin. There is opposition in any country of the world. So?,0.0,2024-03-17T11:00:59Z,0.0,politics,0.0,0.0,0.0,0.0,1.0,1.0,1.0
4bsjMOuOWOg,UgyhLSboiN1X6I5uKvl4AaABAg,He that dwelleth in the secret place of the most High shall abide under the shadow of the almighty God,1.0,2024-02-27T05:10:25Z,0.0,politics,0.0,0.0,0.0,0.0,0.0,0.0,0.0
Z_pWDBH1sI8,Ugz-Xpd3n5vOrdFkIeJ4AaABAg,"November 2008, November 2012 and November 2020 were the worst dates in U.S history",2.0,2020-11-07T16:58:29Z,7.0,politics,0.0,0.0,0.0,0.0,1.0,1.0,0.0
potnYCw_EDA,UgzM6Mrdpburi9zBFLd4AaABAg,Chiponda English it is quite good! I like when people speak very clear!,0.0,2021-09-02T14:45:03Z,0.0,politics,0.0,0.0,0.0,0.0,0.0,0.0,0.0
KvGeqx4Gtfs,UgyLmZG-Txdku-cfe_14AaABAg,"PENCE, = TRAITOR, RINO AND LIBTARD!",0.0,2024-03-18T22:45:00Z,0.0,politics,0.0,0.0,1.0,1.0,0.0,1.0,0.0
mikRI9ra14w,UgxtFdzfaz-C2V1Tk_N4AaABAg,Traitor can‚Äôt be a president.<br>Your only one way is PRISON 2024.,0.0,2024-03-19T21:24:11Z,0.0,politics,0.0,0.0,0.0,1.0,1.0,1.0,0.0
xYVlyqKAPAM,UgyxJfbpaApbmBOVGWl4AaABAg,what a well spoken presenter,0.0,2024-03-17T11:00:59Z,0.0,politics,0.0,0.0,0.0,0.0,0.0,0.0,0.0
1C5qK509P60,Ugytrjrv8o4pP29vwyN4AaABAg,üòÖDonald Trump and Co is kriminal! Please dont wote him again! Trust your heart not your brain!,0.0,2024-01-16T00:04:50Z,0.0,politics,0.0,0.0,0.0,1.0,1.0,1.0,0.0
Y0LA7Ff2hgs,Ugypa0oOHAmjKCigd-t4AaABAg,He‚Äôs a guaranteed winner in the trumplican 4:20</a> party! Great vice president candidate for trump! Damn this gets scarier all the time! There are some sick people out there and they all love there guns!,0.0,2022-11-07T07:30:04Z,0.0,politics,0.0,0.0,0.0,1.0,1.0,1.0,0.0
aEDRBDwu5bg,Ugxumxx_1fhNeBWKftJ4AaABAg,All democracy are welcome...üëç,2.0,2020-12-08T03:02:45Z,0.0,politics,0.0,0.0,0.0,0.0,0.0,1.0,0.0
bII8AH5t6zI,Ugxd1TYN-FDHT0GP8lp4AaABAg,2:06</a> - crazy how this turned out to be reality.,2.0,2020-10-25T07:12:25Z,0.0,politics,0.0,0.0,0.0,0.0,0.0,0.0,0.0
L6lvn86rkD4,UgypgOmOp9Fxg5YpQc94AaABAg,Congress is dying,1.0,2024-03-01T23:00:12Z,0.0,politics,0.0,0.0,0.0,1.0,1.0,1.0,0.0
VbycLj2pWPo,Ugz3S9Hcls2sfUrUi3R4AaABAg,Congratulations Vlad. This is what a real leader looks like!,0.0,2024-03-17T20:59:22Z,0.0,politics,0.0,0.0,0.0,0.0,0.0,0.0,0.0
0nrZwGbf55w,UgyTqIL8WmP45JSYToB4AaABAg,"He just figured out now that Trump is a threat, is he stupid?",0.0,2024-03-15T23:17:40Z,0.0,politics,0.0,0.0,0.0,1.0,0.0,1.0,0.0
fn-vt5TBCAQ,UgxnHoAPTJlWZ_Pzf-l4AaABAg,Where are the &quot; CRITICS &quot; of EVM machines.,1.0,2023-05-13T06:13:43Z,0.0,politics,0.0,0.0,0.0,1.0,1.0,1.0,0.0
4k1iYKpUaKU,UgzG3YzCXg28TxOEb6B4AaABAg,I looked up the word ‚Äúcreepy‚Äù in the dictionary and there was a photo of Ted Cruz.,0.0,2021-02-02T19:24:24Z,0.0,politics,0.0,0.0,0.0,1.0,0.0,1.0,0.0
uH2G_lLFzl0,UgwFHiKu8ULRb9f-erl4AaABAg,It&#39;s not election year without Steve Kornacki at the Big Board!,0.0,2024-03-19T16:35:10Z,0.0,politics,0.0,0.0,0.0,1.0,0.0,1.0,0.0
gxKyxb0Gy7E,UgzF_uZoxEj4FM3B2fd4AaABAg,Romney&#39;s career is toast! His mormon attitude is rotten.,0.0,2024-02-29T11:00:38Z,0.0,politics,0.0,0.0,0.0,1.0,0.0,1.0,0.0
e3SvmT4M_Qs,UgwPQAtoFwiXa_8rJK54AaABAg,Who would have guessed üòÇ,0.0,2024-03-17T19:36:26Z,0.0,politics,0.0,0.0,0.0,0.0,0.0,0.0,0.0
VhrBRaNJg04,Ugwar4GiMYOC1iUI2-d4AaABAg,What a disgusting woman.   Roll on judgement day!!,0.0,2022-04-22T16:49:42Z,0.0,politics,1.0,0.0,1.0,1.0,1.0,1.0,0.0
LY8L6C7tsx8,UgwIw0bV2-1kIeP7Jjd4AaABAg,"Here in Australia we often have sausage üå≠ sizzles at voting stations if they&#39;re held at schools. Go vote &amp; have a $2.50 snag with onion, mustard and sauce - it&#39;s so civilised!",0.0,2020-09-14T12:17:57Z,0.0,politics,0.0,0.0,0.0,0.0,1.0,0.0,1.0
KvGeqx4Gtfs,UgwIo_zYnTX4bzGx3Jd4AaABAg,Pence may not endorse tRump but he&#39;ll still vote for the puke.,1.0,2024-03-18T22:45:00Z,0.0,politics,0.0,0.0,0.0,1.0,1.0,1.0,0.0
uH2G_lLFzl0,Ugzic_WTOjTT7UVUycJ4AaABAg,We cannot let Donald avoid the big house by clawing his way back into the White House. Vote blue!,0.0,2024-03-19T16:35:10Z,0.0,politics,0.0,0.0,0.0,1.0,1.0,1.0,0.0
1MWbk8yGvSs,UgyfjwKUCC5K9OtP_kZ4AaABAg,Hinduphobia,0.0,2024-03-17T02:28:38Z,0.0,politics,0.0,0.0,1.0,1.0,0.0,1.0,0.0
AytDzZ2ecCc,UgwKUUgnugqV7h3tY1J4AaABAg,"The older I get, the more &quot;chicken scratch&quot; my cursive signature gets..  Somewhere around the 4,000th time I got sick of making anything but the first and last letter legible..",0.0,2020-10-05T06:30:00Z,0.0,politics,0.0,0.0,0.0,0.0,0.0,0.0,0.0
svEuG_ekNT0,UgxLLU5_GgRWegAThxZ4AaABAg,üòÇüòÇüòÇ Wow! Now if that version of the tooth fairy existed I&#39;d definitely be toothless by now!,0.0,2019-11-04T07:30:01Z,0.0,politics,0.0,0.0,0.0,0.0,0.0,0.0,0.0
QpI-wjSSWLs,UgwAzpUNju4i7NTCVep4AaABAg,Every one rushes to take credit but no one wants to even admit it  is a defeat. These endless TV shows don&#39;t seem to have any meaning.,0.0,2021-05-02T05:45:17Z,0.0,politics,0.0,0.0,0.0,0.0,0.0,0.0,0.0
gxKyxb0Gy7E,UgytfqaK5NLV6ncktdR4AaABAg,We need to voted Rooney out,0.0,2024-02-29T11:00:38Z,0.0,politics,0.0,0.0,0.0,0.0,1.0,1.0,0.0
CMwk8HzRrKg,UgzHTUyq1Ng18nSzCOl4AaABAg,What was Benedict Donald&#39;s pr guy?,0.0,2022-12-14T13:00:05Z,0.0,politics,0.0,0.0,0.0,1.0,0.0,1.0,0.0
GbWgrXZ4Hxw,UgzUYEsnJ5dR_j_2VQV4AaABAg,Yes .   That&#39;s life,1.0,2024-03-18T02:56:04Z,0.0,politics,0.0,0.0,0.0,0.0,0.0,0.0,0.0
M8EEjFLHtao,UgzRxROv4rJA79wUzyt4AaABAg,Poor guy is out of money now so he&#39;s really reaching with his campaign promises.,0.0,2024-03-18T00:54:39Z,0.0,politics,0.0,0.0,0.0,0.0,0.0,1.0,0.0
9fufKujxeM0,Ugz-V8uSbF6KxvZvG954AaABAg,Suns took denver to 6 last year playing 2 on 5 with a roster that had been together for a total of 13 games beforehand.<br>Denver doesn‚Äôt match up well here,0.0,2024-03-28T05:54:22Z,0.0,sports,0.0,0.0,0.0,0.0,0.0,0.0,0.0
wcf7azPKH-M,Ugyw8cLnl-D-1RzNVgp4AaABAg,"such a bad take, he said the same thing about Joe Burrow and now look at the Bengals.  The NFL should just ban these kids and let them play in college for the rest of their lives",0.0,2024-03-25T16:43:32Z,0.0,sports,0.0,0.0,0.0,1.0,1.0,0.0,1.0
CSifismJyKY,Ugy-E3gI1-AWCCN8-BR4AaABAg,"The Jones are morons. They waste talented players. They get dollar store FAs (if they make any moves) and draft players hoping everyone is a stud. If they are going to move on from Dak, then trade him now and get picks for the future. This will quarterback purgatory in 25 and with no premium picks to replace him with, Dallas is screwed.",0.0,2024-03-26T18:35:31Z,0.0,sports,0.0,0.0,1.0,1.0,1.0,0.0,0.0
FB-VuRsfWjE,UgwitP9ZT_qo4cE7ytx4AaABAg,This is 100% taken from the xfl,0.0,2024-03-26T21:00:08Z,0.0,sports,0.0,0.0,0.0,0.0,0.0,0.0,0.0
rRHyzKoOcQg,Ugz40vtD9ngXktyUgil4AaABAg,"If you actually did get the million, you might wanna play the lottery for real lol",23.0,2024-03-17T10:53:35Z,1.0,sports,0.0,0.0,0.0,0.0,0.0,0.0,0.0
yVLyWzIxhrQ,UgzBLuwTbg1QdvERFsV4AaABAg,Whitesox got rid of half their roster,0.0,2024-03-29T01:01:10Z,0.0,sports,0.0,0.0,0.0,0.0,0.0,0.0,0.0
3AsTfxvgZD0,UgzM0DTlVkTsg5A5zG94AaABAg,Thats a lot of Damage,0.0,2024-03-27T04:23:05Z,0.0,sports,0.0,0.0,0.0,0.0,0.0,0.0,0.0
6VSzT8lESjA,UgxP6nalUjlO7MIo0XF4AaABAg,I wish he would go to the ravens,0.0,2024-03-06T21:06:42Z,0.0,sports,0.0,0.0,0.0,0.0,0.0,0.0,0.0
pCQoaTsIHxA,UgytDSfbALLTcFyX-2F4AaABAg,Let&#39;s face it!=THE SUNS were really hot on this game!,1.0,2024-03-06T05:43:03Z,0.0,sports,0.0,0.0,0.0,0.0,0.0,0.0,0.0
9fufKujxeM0,Ugx7cGRm5qAdSlfodDZ4AaABAg,KCP was asked on somebody&#39;s podcast last week who he believes is the biggest threat to Denver &amp; the first team he said was the Suns. If you dont believe me check it up for yourselves.,0.0,2024-03-28T05:54:22Z,0.0,sports,0.0,0.0,0.0,1.0,0.0,0.0,0.0
E_MJgVPx4U0,UgwFHwizLNxumnvY_kB4AaABAg,Clips presicion if just off,0.0,2024-03-24T21:46:09Z,0.0,sports,0.0,0.0,0.0,0.0,0.0,0.0,0.0
rnslgMqoAjo,UgzKdIUNvkjfjDHPIx54AaABAg,Lances brother is still in hs that‚Äôs not him,0.0,2024-03-20T23:13:20Z,0.0,sports,0.0,0.0,0.0,0.0,0.0,0.0,0.0
6VSzT8lESjA,UgwhDoGwsDiy7ATWTv94AaABAg,F this dude for always hating on the panthers‚Ä¶ you gone see. Keep pounding.,0.0,2024-03-06T21:06:42Z,0.0,sports,0.0,0.0,1.0,1.0,1.0,0.0,0.0
uKuqfhaTXxI,UgzCxWmGhjvt_co_REx4AaABAg,Kelly had batum and Harris in the corner but tries to be the hero,1.0,2024-03-28T02:15:12Z,0.0,sports,0.0,0.0,0.0,0.0,1.0,0.0,0.0
LNW4RLLrA3s,UgzSYYJqjr9WTCl1YXp4AaABAg,It&#39;s not unreal they are star athletes duh and when you a star athlete in highschool you usually play more than 1 sport so they know the mechanics they can actually play better than your average weekend warriors,0.0,2022-11-26T01:21:18Z,0.0,sports,0.0,0.0,0.0,0.0,0.0,0.0,0.0
HVQv02aC3T8,UgwWKMOFKk6QiG604_14AaABAg,That I knew!!!!!,0.0,2024-03-19T19:00:14Z,0.0,sports,0.0,0.0,0.0,0.0,0.0,0.0,0.0
xlnGuMrfQ5g,UgxRc4HJeuH27_FFdNN4AaABAg,thes are cool,0.0,2023-06-17T15:28:11Z,0.0,sports,0.0,0.0,0.0,0.0,0.0,0.0,0.0
0D9GwhMIRfo,UgxJ6BmydBGMY524fbF4AaABAg,"More like night and midnight, but still an improvement",0.0,2024-03-07T22:15:00Z,0.0,sports,0.0,0.0,0.0,0.0,0.0,0.0,0.0
WRjco8Ax230,UgwEaAmIMiKhf3S15UJ4AaABAg,Bruh. The extra perfect game was not &quot;cheating.&quot; Dude legitimately screwed up and this is why we have challenges now.,0.0,2023-12-20T18:33:50Z,0.0,sports,0.0,0.0,0.0,1.0,1.0,0.0,0.0
WMGJR7XCYo0,UgxBsmuW-_4ofaQz2pZ4AaABAg,He must of liked to talk shit too got beat to death outside of a bowling alley lol,0.0,2024-02-26T22:09:52Z,0.0,sports,0.0,0.0,1.0,1.0,1.0,0.0,0.0
_JVh6si434g,UgxpMw-xuWKSttl_qfZ4AaABAg,Ya‚Äôll say JJ wasn‚Äôt asked to do much at Michigan but then praise him for his 27-1 record‚Ä¶ which one is it???,0.0,2024-03-26T23:00:19Z,0.0,sports,0.0,0.0,0.0,1.0,1.0,0.0,0.0
WMGJR7XCYo0,Ugz-w7fMCUJoAL9e6z94AaABAg,It&#39;s called The Americans for Disabilities Act seriously anyone challenged it they would win,0.0,2024-02-26T22:09:52Z,0.0,sports,0.0,0.0,0.0,0.0,0.0,0.0,0.0
wdvHcqXP5Ug,Ugze1oL89bJQRyME5W14AaABAg,"not a baseball fan here, why was the announcer saying Ohtani is 0 for 1 and 1st hit during 3rd inning? was his hit during 1st inning not counted as &quot;hit&quot;? TY",0.0,2024-03-20T16:38:42Z,0.0,sports,0.0,0.0,0.0,0.0,0.0,0.0,0.0
E_MJgVPx4U0,Ugx2mF_tltjNvjeUDm94AaABAg,WAY too many second chances,0.0,2024-03-24T21:46:09Z,0.0,sports,0.0,0.0,0.0,0.0,1.0,0.0,0.0
sXfJJuRCWAM,UgwtkTNANq90TOiYypR4AaABAg,notice how all the bad teams have a bad logo,0.0,2024-03-14T23:23:13Z,0.0,sports,0.0,0.0,0.0,1.0,1.0,0.0,0.0
LNW4RLLrA3s,Ugwy0SnyMst-zvNSJEZ4AaABAg,Love that shit,0.0,2022-11-26T01:21:18Z,0.0,sports,0.0,0.0,1.0,0.0,0.0,0.0,0.0
ChtjLV_XcAo,UgxjWxXoHLgC8yT5K3N4AaABAg,"You can see how a victory for the lackluster Spurs is celebrated.... with all heart.  For some reason, the Spurs seem to have the number of the Suns.",0.0,2024-03-26T02:28:16Z,0.0,sports,0.0,0.0,0.0,1.0,1.0,0.0,0.0
8HcGATfF2qw,Ugwv8PwkPxhDxS1kuPt4AaABAg,"Don‚Äôt worry Kenny, A LOT of people were wrong about the Mavericks",0.0,2024-03-27T19:12:44Z,0.0,sports,0.0,0.0,0.0,0.0,0.0,0.0,1.0
dmWgcws4NsA,UgyFBCXe2l52JMQ44Md4AaABAg,What a fantastic start to the season. We are loaded throughout the lineup. I think some league records are gonna be broken,0.0,2024-03-29T05:29:32Z,0.0,sports,0.0,0.0,0.0,0.0,1.0,0.0,0.0
b0Uk_NO56Os,UgxtfU0Ik-t80S_PgDR4AaABAg,Pillar literally never saw that pitch coming,1.0,2023-03-28T12:28:17Z,0.0,sports,0.0,0.0,0.0,0.0,0.0,0.0,0.0
535TeF_p4SE,Ugw-tvEEvw3BUo86xlB4AaABAg,2 magaicians on the same squad. That&#39;s nasty  üòé,0.0,2024-02-07T01:22:55Z,0.0,sports,0.0,0.0,0.0,1.0,1.0,0.0,0.0
pGWhXfVfkas,UgwyjFZ3uVw8U0Ahde54AaABAg,First take is horrible,0.0,2024-03-27T15:14:55Z,0.0,sports,0.0,0.0,0.0,1.0,1.0,0.0,0.0
FLmhvTSVG1M,UgyE-zeehDIf5x5UJlZ4AaABAg,"The first time I ever pitched in a league  I had 3 line drives one right after the other. The first 2 I caught and the 3rd was a grounder in which I threw out the runner at 1st.  What a way, scary, and exilerating  way to start my career as a pitcher... one of my best life experiences ever. üòÅ",0.0,2024-01-18T23:06:00Z,0.0,sports,0.0,0.0,0.0,0.0,0.0,0.0,0.0
HPjiGOcn_Lc,UgxqRgKdDaKXwPEGTX94AaABAg,King Henry bout to run wild,0.0,2024-03-25T16:21:14Z,0.0,sports,0.0,0.0,0.0,1.0,1.0,0.0,0.0
LNW4RLLrA3s,UgwOSE8UrMMZART4jk94AaABAg,Nolan threw that 86 I watched that game it was an All-Star Game,0.0,2022-11-26T01:21:18Z,0.0,sports,0.0,0.0,0.0,0.0,0.0,0.0,0.0
UPWr1s6PIX8,Ugzoxxo1sds7iLiFw8l4AaABAg,"Los Angeles Dodgers are going to make the World Series with Ohtani, Freeman &amp; Betts",0.0,2024-03-29T15:18:54Z,0.0,sports,0.0,0.0,0.0,0.0,1.0,0.0,0.0
pzarj7IXvN0,UgzxxZ10PLiZrB-pPNN4AaABAg,Curren$y loves his city üåÜ <br>üíØüèÅüíêüíê‚öúÔ∏èüü®üü©üü™ü§ôüèæü§ôüèæ,1.0,2024-03-27T02:28:37Z,0.0,sports,0.0,0.0,0.0,0.0,0.0,0.0,0.0
5QvSWc3U9tQ,Ugyah92oPX-PR4uFTON4AaABAg,You dont gotta be fast if you are smooth with it,0.0,2022-05-12T22:39:59Z,0.0,sports,0.0,0.0,0.0,0.0,0.0,0.0,0.0
ygv_UG1S8nA,UgzbL8PN2zVu_bH1N-J4AaABAg,Stealing first base is mind blowing. Please make a video on that üòÇ,0.0,2023-03-30T22:13:42Z,0.0,sports,0.0,0.0,0.0,0.0,1.0,0.0,0.0
LChyAdpWwsA,UgxjBlTz11RqmDvScAp4AaABAg,Why not if he win he wins and i think he is capable to run,0.0,2024-03-14T03:27:03Z,0.0,sports,0.0,0.0,0.0,0.0,0.0,0.0,0.0
DCPNzgK3LWc,UgzARSFtHkf8XEFCcsB4AaABAg,Kyle Trask can&#39;t be considered trash until he actually plays,0.0,2024-03-25T23:34:24Z,0.0,sports,0.0,0.0,0.0,0.0,1.0,0.0,0.0
RxUb7yFASV4,Ugw9FLQrZPBoHSwwFsh4AaABAg,This dudes kid is getting into ever college,1.0,2022-07-08T21:41:35Z,0.0,jobEducation,0.0,0.0,0.0,0.0,0.0,0.0,0.0
UuBa0ozsVLs,UgxVFk0XLpK-x20Ot-p4AaABAg,I appreciate your detail of study in this video. I remember those days. Getting back into this year,0.0,2022-09-28T13:02:23Z,0.0,jobEducation,0.0,0.0,0.0,0.0,0.0,0.0,0.0
14yIlhKyFEw,UgyQoBtXuDEn6fAecgx4AaABAg,He what to make üëç üòÇ,0.0,2022-07-27T18:57:09Z,0.0,jobEducation,0.0,0.0,0.0,0.0,0.0,0.0,0.0
bn_KRzohcAo,UgzrSFfEDVgYUgDTO2Z4AaABAg,Not this time. After almost having a stroke ü§¶‚Äç‚ôÇ,0.0,2022-10-11T21:52:01Z,0.0,jobEducation,0.0,0.0,0.0,0.0,0.0,0.0,0.0
Ca2ZkMMoH14,UgzYiB8-S129-scvpp54AaABAg,Why do people bully asian people ? There so pretty and i love their culture!,0.0,2022-12-09T01:00:02Z,0.0,jobEducation,0.0,0.0,0.0,0.0,0.0,0.0,0.0
tI96PKCfda4,Ugx9doWfMjcOvLkjy4d4AaABAg,AUGUST 25TH THATS MY BIRTHDAY!! :D,0.0,2022-10-16T16:00:25Z,0.0,jobEducation,0.0,0.0,0.0,0.0,0.0,0.0,0.0
KYIldbgmza0,UgwEevgVb_R4V8-EFTZ4AaABAg,A collage student who sleep at 11? I&#39;m in high school and sleep at 2 am,0.0,2022-07-12T14:00:22Z,0.0,jobEducation,0.0,0.0,0.0,0.0,0.0,0.0,0.0
UuBa0ozsVLs,Ugx8VsbX16GoAbdARjh4AaABAg,what&#39;s her id?,0.0,2022-09-28T13:02:23Z,0.0,jobEducation,0.0,0.0,0.0,0.0,0.0,0.0,0.0
JdDFnVAL6pc,UgzKVF1wbZpTfGA5h0l4AaABAg,Bachelor Degrees are becoming the new High School Diploma now. It&#39;s not easy to return to college with the economy today.,0.0,2024-03-01T01:59:58Z,0.0,jobEducation,0.0,0.0,0.0,0.0,1.0,0.0,0.0
P4PK_18haXw,UgwOiTc76fkDyNvSdLZ4AaABAg,U r studying which college vro,0.0,2022-09-22T14:15:17Z,0.0,jobEducation,0.0,0.0,0.0,0.0,0.0,0.0,0.0
r8W6K7Lys0A,UgyYbINuZKdEMaSqwEt4AaABAg,Salaam alaikum dear sister how can I contact you please,1.0,2024-02-20T14:30:17Z,1.0,jobEducation,0.0,0.0,0.0,0.0,0.0,0.0,0.0
kJ8xaL23r3c,Ugwtycj6JC-jaF4jNr54AaABAg,Alright so we‚Äôre just informing people about fake jobs now,0.0,2022-10-20T20:00:10Z,0.0,jobEducation,0.0,0.0,0.0,0.0,1.0,0.0,0.0
B7xmqFBuK9k,UgyKXCYdoL_AzNQFSAN4AaABAg,"It‚Äôs just relentlessly good, like the way Jorja took that last note of the bridge, the passing of the last chorus between the three of them, all the way to the ‚Äúit‚Äôs not‚Äù like these girls DO NOT LET UP MY GODüò§üò§",5.0,2022-11-28T16:00:10Z,0.0,jobEducation,0.0,0.0,0.0,0.0,0.0,0.0,0.0
EyKXvwpxfX8,Ugz-LvoletCfaoUrKch4AaABAg,No one wants a golf caddie that can‚Äôt go on a beer run.,0.0,2022-11-12T21:46:01Z,0.0,jobEducation,0.0,0.0,0.0,0.0,1.0,0.0,0.0
r8W6K7Lys0A,UgxTFAhpN2wAI0KjCl14AaABAg,Hi <br>Am Daniel Wilson by name this is my first time here I really love it. Thanks very much,1.0,2024-02-20T14:30:17Z,1.0,jobEducation,0.0,0.0,0.0,0.0,0.0,0.0,0.0
p1f7oGHAfOs,UgwjkGhxqQC3tlgPCxV4AaABAg,Take the time to study was the best advice,0.0,2022-04-24T15:02:35Z,0.0,jobEducation,0.0,0.0,0.0,0.0,0.0,0.0,0.0
ncuESuZQaow,Ugy8DDGUvo26qXaj-Zt4AaABAg,What,0.0,2022-06-20T17:00:38Z,0.0,jobEducation,0.0,0.0,0.0,0.0,0.0,0.0,0.0
rIVyHIyBN5k,UgwU14rZi7PpyEaHGgV4AaABAg,They probably were legacy‚Äôs,0.0,2021-08-25T20:51:20Z,0.0,jobEducation,0.0,0.0,0.0,0.0,0.0,0.0,0.0
jkz5r4atLUw,UgzQQkG6bI8qV6LWaAx4AaABAg,Im going to be a nurse cause im fascinated with different health conditions and how they work and how the body works<br><br>I love my college rn,0.0,2023-06-29T20:48:45Z,0.0,jobEducation,0.0,0.0,0.0,0.0,0.0,0.0,0.0
doadE9JDyJs,UgzQXX5r-hDLoIXeX-94AaABAg,i love that you made a comment about trying to make the video cohesive so that it would be entertaining and not chaotic... but this is literally the only video I&#39;ve stayed entertained in all day. literally just found my new fav youtuber!! :),0.0,2023-10-15T22:49:03Z,0.0,jobEducation,0.0,0.0,0.0,0.0,0.0,0.0,0.0
tEORliWcPP0,Ugx-h_55lgJywZZUXdp4AaABAg,Guys dont forget to boycott la roche posay among the other brands,1.0,2022-11-09T22:06:54Z,0.0,jobEducation,0.0,0.0,0.0,0.0,0.0,0.0,0.0
tEORliWcPP0,UgzLktoJskX9jUYnoIV4AaABAg,Drop that skincare routine tho?,0.0,2022-11-09T22:06:54Z,0.0,jobEducation,0.0,0.0,0.0,0.0,0.0,0.0,0.0
YDY9srs0Y7Y,Ugyj4fSpXT3YbxLdm894AaABAg,The Beavis and Butthead laughs killed me üòÖ,0.0,2020-08-21T21:39:10Z,0.0,jobEducation,0.0,0.0,0.0,0.0,1.0,0.0,0.0
9MIwfLrRbZ8,Ugwk9fuffQjMc-ADK8d4AaABAg,Now i can officially say  &quot;i wanted a mansion but unfortunately god made me an artist so i&#39;ll never find money ü§†&quot;,0.0,2022-05-19T14:01:51Z,0.0,jobEducation,0.0,0.0,0.0,0.0,0.0,0.0,0.0
8b4gpuLotEs,UgyEf7BZQ_nKfK1jMVx4AaABAg,Do you have tips on getting a job? This type of job would be perfect for me (doesn‚Äôt have to be remote) but I just don‚Äôt impress companies or need experience I guess. What exactly do they look for?,0.0,2023-03-28T21:52:42Z,0.0,jobEducation,0.0,0.0,0.0,0.0,0.0,0.0,0.0
OnkTUKtxRic,UgxJSFKP-Jc4n6cysHN4AaABAg,"Every now and then, youtube drops you into the twilight zone. THAT WAS AWSOME!",0.0,2022-03-03T16:00:21Z,0.0,jobEducation,0.0,0.0,0.0,0.0,0.0,0.0,0.0
plapTRhUHlA,Ugzsr-3l-KlSmRmW76h4AaABAg,welcome to indiana. where the weather is bipolar,0.0,2022-08-06T23:15:01Z,0.0,jobEducation,0.0,0.0,0.0,0.0,0.0,0.0,0.0
F9LNxqERSqU,UgwdkYsgd24G0w4g3V14AaABAg,how did you get your stuff all on one box each????,0.0,2022-08-21T16:44:20Z,0.0,jobEducation,0.0,0.0,0.0,0.0,0.0,0.0,0.0
plapTRhUHlA,UgzruDPch6WMVdcRcXl4AaABAg,I‚Äôve been stuck in the same school since preschool üò≠,0.0,2022-08-06T23:15:01Z,0.0,jobEducation,0.0,0.0,0.0,0.0,0.0,0.0,0.0
zqfyXkblfkA,UgzeSDDHMyBkmYvnJGF4AaABAg,My brother went to the University of Chicago and dealt with immense depression from the experience of the school. I think he might relate to what you said,0.0,2022-07-06T14:57:05Z,0.0,jobEducation,0.0,0.0,0.0,0.0,0.0,0.0,0.0
QZ9QfHeNCOg,UgxQH52zk701kvyTqbF4AaABAg,"So,nice,mad,move, song üéâ",0.0,2023-10-25T05:27:59Z,0.0,jobEducation,0.0,0.0,0.0,0.0,0.0,0.0,0.0
doadE9JDyJs,UgzmiGnoto6lYJlvGYF4AaABAg,"College is always a super hard transition for anyone regardless. I&#39;m a sophomore in college and still get homesick occasionally (especially when it&#39;s getting close to a holiday break). Your feelings are totally normal! Before you know it, you&#39;ll be back home. College flies by but visiting family for the first time is always so fun.",0.0,2023-10-15T22:49:03Z,0.0,jobEducation,0.0,0.0,0.0,0.0,0.0,0.0,0.0
uoVZkYVGpXk,Ugy11eFAF68rhoU8tu14AaABAg,‚úã‚úã‚úã‚úã‚úã‚úã‚úã‚úã‚úã‚úã‚úã‚úã‚úã‚úãSalish is so pretty and gorgeous,0.0,2022-06-04T15:00:08Z,0.0,jobEducation,0.0,0.0,0.0,0.0,0.0,0.0,0.0
yoIPzZ8sSS0,UgwPdj0LvGQsKWyzC5Z4AaABAg,Its also about race,0.0,2021-07-19T15:53:08Z,0.0,jobEducation,0.0,1.0,0.0,0.0,0.0,0.0,0.0
689r2wTVsnw,UgxpwFZRgYHo41BYFip4AaABAg,"I&#39;m a landlord, I evict people that don&#39;t pay rent. Its pretty nice, most days I just ignore the problems my tenants have and increase their rent when I spend all my money.",1.0,2023-03-20T22:15:00Z,0.0,jobEducation,0.0,0.0,0.0,0.0,0.0,0.0,0.0
ncuESuZQaow,Ugyr-o1ospqxau1PTAx4AaABAg,Definition of matrix enjoiyer,0.0,2022-06-20T17:00:38Z,0.0,jobEducation,0.0,0.0,0.0,0.0,0.0,0.0,0.0
TGJ598QbCrk,Ugz8St2-MA0T1ksB4Nx4AaABAg,Does anybody know that song&#39;s name?,0.0,2023-10-16T03:04:55Z,0.0,jobEducation,0.0,0.0,0.0,0.0,0.0,0.0,0.0
JdDFnVAL6pc,Ugys8VztaslFAixmniZ4AaABAg,I‚Äôm in that group. I have a bachelor degree and I only make 43k a year.,0.0,2024-03-01T01:59:58Z,0.0,jobEducation,0.0,0.0,0.0,0.0,1.0,0.0,0.0
OwewE77XAXo,Ugz0T2ZC226AyU7Bcpl4AaABAg,I also want to apply early action... as i want to fix my seat for 2027 year but can i apply for it after one year ?,0.0,2023-03-30T23:00:09Z,0.0,jobEducation,0.0,0.0,0.0,0.0,0.0,0.0,0.0
1C4IECKqsDg,Ugz4uM6UYpIm8NxjwkB4AaABAg,Mam how to apply,0.0,2023-03-23T12:36:00Z,0.0,jobEducation,0.0,0.0,0.0,0.0,0.0,0.0,0.0
dIubxSsOVSw,UgwQicgUZmTyjlI7O354AaABAg,This is like if Tumblr Fangirls hosted a discussion panel ü§£,1.0,2021-05-23T05:46:39Z,0.0,jobEducation,0.0,0.0,0.0,0.0,0.0,0.0,0.0
-Td05XH0TDg,UgzmPyf62B5Egn0zQWJ4AaABAg,May Almighty Allah continue to bless us and proteing us from the evils Masha Allah üôå and I can&#39;t stop crying for my prophet Jesus Christ üò≠üò≠,0.0,2020-03-09T15:47:19Z,0.0,entertainment,0.0,0.0,0.0,0.0,0.0,0.0,0.0
mk3XycambgI,Ugzv88Nr_6en_B69WC54AaABAg,Reading comments and crying üò≠üò≠üò≠üòç‚ù§Ô∏è‚ù§Ô∏è‚ù§Ô∏è,0.0,2022-11-02T14:01:46Z,0.0,entertainment,0.0,0.0,0.0,0.0,0.0,0.0,0.0
sTtmpFIaFqc,UgzK7SQ9jwdN0csMKuh4AaABAg,the ghost just wants your attention for how to get lessons from such a good ballerina!!üòÄüòÄüòÄüòÄüòÄüëçüëçüëçüëçüëç,0.0,2021-04-08T01:00:14Z,0.0,entertainment,0.0,0.0,0.0,0.0,0.0,0.0,0.0
EdhR-ry40So,UgwHAX-RnK84WQgwH5F4AaABAg,"&quot;Never stop, one day you will be someone&#39;s hope, someone&#39;s hero&quot;<br>-Kim Namjoon",0.0,2019-08-26T16:49:52Z,0.0,entertainment,0.0,0.0,0.0,0.0,0.0,0.0,0.0
Sg3hU_sdhKw,UgyW4Y-_8SRCaYxEubl4AaABAg,"<b>*Crowley on the phone, trauma dumping for the fourth time in a two weeks*</b><br>Hozier: <b>*nodding along and writing down on a note pad*</b> hmm? Oh, really? Oh, I‚Äôm sorry about that mate, really am, hm-hm, could you repead that bit about Heaven?‚Äù",5.0,2024-03-22T04:00:01Z,0.0,entertainment,0.0,0.0,0.0,0.0,0.0,0.0,0.0
vbdl3LAI6h8,UgxdCsX1mr0u99PRxlV4AaABAg,Africa is the best ü•∞ü•∞,0.0,2023-02-04T02:40:00Z,0.0,entertainment,0.0,0.0,0.0,0.0,0.0,0.0,0.0
VTvGjk4i2xw,UgyE3l5obdsGnx1ESvt4AaABAg,"i did everything for him, i write his name on my initial everyday, i changed myself for the better so that he would like me too, i always write love letters on my diary for him, and yet he rejected me instead ang gave me mixed signals, he still even likes his &quot;m.u&quot; and used me pang pa selos. ilovehim but i can&#39;t take it anymore",0.0,2023-02-24T01:45:46Z,0.0,entertainment,0.0,0.0,0.0,0.0,0.0,0.0,0.0
_XbnCp9O9ZY,UgzM_vuzWXnKGUetQOx4AaABAg,My ex boyfriend is still married to his wife I&#39;m not the only one he loves and still cares about as well,1.0,2022-05-06T01:55:12Z,0.0,entertainment,0.0,0.0,0.0,0.0,0.0,0.0,0.0
9XM-xoT97yA,Ugzt-8pOVut84jzHIA14AaABAg,the dumbest question after you say you&#39;re buried: Do you know your location? üòÖ,0.0,2024-03-23T15:52:20Z,0.0,entertainment,0.0,0.0,0.0,0.0,0.0,0.0,0.0
fmimfGr87Ik,UgwT5yIFx9eGYDwlWVJ4AaABAg,wow!Super film,1.0,2023-03-08T06:48:13Z,0.0,entertainment,0.0,0.0,0.0,0.0,0.0,0.0,0.0
nAQ_1lTDvPQ,UgzEEgF1zrdRaJdMbVJ4AaABAg,Who lpves taylor swift,0.0,2023-06-05T17:16:21Z,0.0,entertainment,0.0,0.0,0.0,0.0,0.0,0.0,0.0
Zvh_z8oHL98,Ugw1JmWTBFNyY8BNcL54AaABAg,I love this movie. It is so inspiring and so heart touching. Pretty awesome,0.0,2020-11-16T21:04:33Z,0.0,entertainment,0.0,0.0,0.0,0.0,0.0,0.0,0.0
SC8cSnFTd_0,Ugy3QU_tC5XZftZeupV4AaABAg,this song has been my favorite for 6 months now nothing can replace this song well for me,0.0,2023-01-18T14:09:14Z,0.0,entertainment,0.0,0.0,0.0,0.0,0.0,0.0,0.0
6Mh4WKn8GNg,UgyaJlHn8sV0D3krs1t4AaABAg,Michelle Krussk...I was in Biology Classs with her in H.S.,117.0,2024-03-21T08:08:27Z,5.0,entertainment,0.0,0.0,0.0,0.0,0.0,0.0,0.0
VTvGjk4i2xw,UgxdGCLku05LhTxFChV4AaABAg,The beat!!,0.0,2023-02-24T01:45:46Z,0.0,entertainment,0.0,0.0,0.0,0.0,0.0,0.0,0.0
mMqr7S4tGzA,Ugwe9fFCvLn4PIp0Vch4AaABAg,0:11</a> best part ‚ù§‚ù§‚ù§‚ù§,0.0,2021-01-23T16:45:06Z,0.0,entertainment,0.0,0.0,0.0,0.0,0.0,0.0,0.0
e8psHWLGDN4,UgzB5TiTWm-UHC0gc-B4AaABAg,Who&#39;s here on the 13 of March trying not to cry at &quot;As long as I&#39;m here no one can hurt you.&quot;<br><br>Please watch what you say cause it can stay with a person for the rest of their lives and can cause suicide so be careful with your words and never bully,4.0,2019-11-14T15:11:35Z,0.0,entertainment,0.0,0.0,0.0,0.0,0.0,0.0,0.0
EdhR-ry40So,UgxH5M__s0q7SrxXhPl4AaABAg,Guess i am not a princessüòäI always cryü•≤,0.0,2019-08-26T16:49:52Z,1.0,entertainment,0.0,0.0,0.0,0.0,0.0,0.0,0.0
DH6Utz9KYOQ,Ugx-HgRBSJrrFvcp2Bp4AaABAg,Bro the new host of game theory is bigger than caseoh,0.0,2024-03-24T18:05:00Z,0.0,entertainment,0.0,0.0,0.0,0.0,0.0,0.0,0.0
P8eeMgzzgi4,UgwbdQshzQEE0BwZnxl4AaABAg,This hurt,0.0,2022-05-09T10:01:36Z,0.0,entertainment,0.0,0.0,0.0,0.0,0.0,0.0,0.0
z-ZjokNaZYc,Ugwo2-Pw6uMdWoT8r8Z4AaABAg,What the movie called,3.0,2024-03-23T19:53:25Z,2.0,entertainment,0.0,0.0,0.0,0.0,0.0,0.0,0.0
9IPLXNEzsLc,UgwgFSLAWkt776jij-d4AaABAg,Nico Collins you&#39;re a great singer,0.0,2023-01-17T09:30:07Z,0.0,entertainment,0.0,0.0,0.0,0.0,0.0,0.0,0.0
oXBY4VRLfLU,Ugyj3TSjYAwvWF3SYw14AaABAg,My  grandfather has died üò¢ then i think his birthday now is he not birtday he&#39;s died now i try this song  my grandmother is crying imiss them so after monday - friday and saturday and sunday monday he creamet,0.0,2023-06-13T14:11:29Z,0.0,entertainment,0.0,0.0,0.0,0.0,0.0,0.0,0.0
LyhrAGiE_Rc,Ugzr2Npts-3bGMmRQ8p4AaABAg,Damn the ritm hits hard,0.0,2023-04-27T13:05:39Z,0.0,entertainment,0.0,0.0,1.0,0.0,0.0,0.0,0.0
IOkckBdVtEY,Ugx6vWQwHyjXp36OzDF4AaABAg,I always thought she said &quot;I know that you think u love me&quot; when she actually said &quot;I know you think that you know me&quot; lol üòúü§£üòÜüòúü§£üòÜ,9.0,2023-01-27T05:46:57Z,0.0,entertainment,0.0,0.0,0.0,0.0,0.0,0.0,0.0
-Td05XH0TDg,Ugyfb3fqgt9ZdOdCdDh4AaABAg,"Without God, I can&#39;t I imagine my life without Him were my soul will we be right now Father i  surrender my soul my everything to you",1.0,2020-03-09T15:47:19Z,0.0,entertainment,0.0,0.0,0.0,0.0,0.0,0.0,0.0
MyFQRZ8NW7Y,UgxrT4li750-Rkfl1Xh4AaABAg,Boo I hate it JK,0.0,2021-06-03T17:28:54Z,0.0,entertainment,0.0,0.0,1.0,0.0,0.0,0.0,0.0
e8psHWLGDN4,Ugx8LMrlUBN1nqjQA0N4AaABAg,1:18</a> <br>This part reminds me of joel and ellie ü•π,0.0,2019-11-14T15:11:35Z,0.0,entertainment,0.0,0.0,0.0,0.0,0.0,0.0,0.0
A-6TwB7nlu4,UgzwgrCuPMCszOfFLQ94AaABAg,"Nick sees a dead body at the quarry.  A week later he is upset by seeing old dead woman in the house.  Alex asks, &quot;You okay?&quot;  Nick says, &quot;I&#39;ve just never seen a dead body before.&quot;  A bit sloppy with the dialog, there guys.",0.0,2022-12-01T14:00:10Z,0.0,entertainment,0.0,0.0,0.0,0.0,0.0,0.0,0.0
sTtmpFIaFqc,UgzPwwS5LMgX9MkDDAp4AaABAg,"Okay, who lets a ballerina use a haunted dance studio? If Harpo Marx was alive, he‚Äôd probably sue.",0.0,2021-04-08T01:00:14Z,0.0,entertainment,0.0,0.0,0.0,0.0,0.0,0.0,0.0
PiuRQr9b6Bc,UgxAPb_RYbWkbiiNkuN4AaABAg,This feel So NOSTALGIA BROüò≠ü´°,1.0,2021-01-07T17:44:11Z,0.0,entertainment,0.0,0.0,0.0,0.0,0.0,0.0,0.0
Yr7HiTc7Gpc,UgzI7Dcts4p-1AXsISF4AaABAg,BAD MOM‚Ä¶‚Ä¶ the world is full of bullies &amp; entitled brats bc a parent went the ‚Äúnot my kid‚Äù route,47.0,2024-03-24T04:10:56Z,0.0,entertainment,0.0,0.0,0.0,1.0,1.0,0.0,1.0
sqLWfFCbYBI,UgyX8unrynN3qMgoCtN4AaABAg,Yo everything is fake they are just supporting the devil and disregarding god üò¢,0.0,2023-02-13T13:09:13Z,0.0,entertainment,0.0,0.0,0.0,0.0,1.0,0.0,1.0
-Td05XH0TDg,Ugzr10nJFMU_6HHF0kJ4AaABAg,Jesus please forgive my sins <br>Sorry for all the pains you go through for us <br>Please don‚Äôt be angry with us sorry,1.0,2020-03-09T15:47:19Z,0.0,entertainment,0.0,0.0,0.0,0.0,0.0,0.0,0.0
ZW97JCoIzBk,UgyV2feExWtP0RRgJwp4AaABAg,Free haitiüá≠üáπ,0.0,2022-06-18T14:21:18Z,0.0,entertainment,0.0,0.0,0.0,0.0,0.0,0.0,0.0
sqLWfFCbYBI,Ugyy7NSldJ2cmVOGQv14AaABAg,What the actual fuck,1.0,2023-02-13T13:09:13Z,0.0,entertainment,0.0,0.0,1.0,0.0,0.0,0.0,0.0
-1yBk0Lg-k4,UgxXDlkc06uqUZbB-cN4AaABAg,It sounds like you‚Äôre saying I walk alone,0.0,2023-03-31T19:10:11Z,0.0,entertainment,0.0,0.0,0.0,0.0,0.0,0.0,0.0
IOkckBdVtEY,Ugw72Og8whi5pr33q4B4AaABAg,Me just dancing to the beat‚ù§,10.0,2023-01-27T05:46:57Z,0.0,entertainment,0.0,0.0,0.0,0.0,0.0,0.0,0.0
Zvh_z8oHL98,Ugw6_iQjl7ETqm6E7Wx4AaABAg,wow! this is so beautiful. love is truly a beautiful thing. i guess there&#39;s the right person for each of us.. somewhere there!,1.0,2020-11-16T21:04:33Z,0.0,entertainment,0.0,0.0,0.0,0.0,0.0,0.0,0.0
UU4Nc19BVyM,UgwDJVmUl7h_6yAd5Up4AaABAg,got feelling  tsttto will hit nest in  billboarts,0.0,2020-09-08T14:33:47Z,0.0,entertainment,0.0,0.0,0.0,0.0,0.0,0.0,0.0
9D7B1csn65U,UgxPuuoLL06f9UuEKqZ4AaABAg,Yeah that‚Äôs gonna be hard being 50 million in debt,0.0,2022-07-13T11:53:03Z,0.0,entertainment,0.0,0.0,0.0,0.0,0.0,0.0,0.0
6Mh4WKn8GNg,UgxvdmYawPClFEDBpaN4AaABAg,He&#39;s lying to her! She&#39;s the daughter of a hotel/vacation tycoon. She&#39;s usually accompanied by blonde twin boys.,1112.0,2024-03-21T08:08:27Z,6.0,entertainment,0.0,0.0,0.0,0.0,0.0,0.0,0.0
e8psHWLGDN4,UgwDkdZMeMQY-E9SyHF4AaABAg,"Who searched &quot;as long as, I&#39;m here, no one can hurt you.&quot;",1.0,2019-11-14T15:11:35Z,0.0,entertainment,0.0,0.0,0.0,0.0,0.0,0.0,0.0
SC8cSnFTd_0,UgxrtBdzLt4UCX8VxIp4AaABAg,why do I know this song by hart lol,0.0,2023-01-18T14:09:14Z,0.0,entertainment,0.0,0.0,0.0,0.0,0.0,0.0,0.0
UzXP7bwx5Nk,UgwuZzNdr7vNdh2mHud4AaABAg,Finish the lyrics,0.0,2022-10-31T19:34:26Z,0.0,entertainment,0.0,0.0,0.0,0.0,0.0,0.0,0.0
A-6TwB7nlu4,UgyYMTt-YGZI_AjhLvN4AaABAg,I think the screen writer confused long drawn out dialog for &quot;suspense&quot;.  I lost interest in the ineptitude of the lead &quot;couple&quot;.,1.0,2022-12-01T14:00:10Z,0.0,entertainment,0.0,0.0,0.0,0.0,1.0,0.0,0.0
P8eeMgzzgi4,UgzhOZlirs8Me9_k8Z14AaABAg,You can&#39;t save me hit me so hard ü•∫ü•∫‚ù§Ô∏è‚Äçü©πü´Ä,0.0,2022-05-09T10:01:36Z,0.0,entertainment,0.0,0.0,0.0,0.0,0.0,0.0,0.0
p5SYBGgqVXI,UgxT7I1_QPXvdRwjKJx4AaABAg,Where are you from?ü§î,737.0,2022-06-06T18:06:39Z,511.0,entertainment,0.0,0.0,0.0,0.0,0.0,0.0,0.0
Sg3hU_sdhKw,UgyCppXRN2gesQsUxQR4AaABAg,Whoa whoa whoa üî•üî•üî•,0.0,2024-03-22T04:00:01Z,0.0,entertainment,0.0,0.0,0.0,0.0,0.0,0.0,0.0
,,,,,,entertainment,0.0,0.0,0.0,0.0,0.0,0.0,0.0
MyFQRZ8NW7Y,Ugy_qSHjI0S3y5onzIt4AaABAg,my friend is sing and she sucks,0.0,2021-06-03T17:28:54Z,0.0,entertainment,0.0,0.0,1.0,1.0,1.0,0.0,0.0
iawgB2CDCrw,Ugzl6v0g-tqHK6YPh3F4AaABAg,I love thƒ±s song,0.0,2023-01-23T13:58:00Z,0.0,entertainment,0.0,0.0,0.0,0.0,0.0,0.0,0.0
KKQeNyOiQYg,UgwCYcTXU_FrwH5uDAB4AaABAg,I don&#39;t want a ghost like you,0.0,2022-11-05T14:52:16Z,0.0,entertainment,0.0,0.0,0.0,0.0,0.0,0.0,0.0
PiuRQr9b6Bc,UgxuN_QSjW_XUngpf_x4AaABAg,Marvin M Togonon ‚ù§‚ù§‚ù§üíóüíóüíóüíñüíñüíñüòçüòçüòçüòòüòòüòòüå∑üå∑üå∑üíïüôèüíïüíØüëèüëèüëèüòáüòáüòáüåªüåªüåªüáµüá≠üè°üè°ncewsa mcts,0.0,2021-01-07T17:44:11Z,0.0,entertainment,0.0,0.0,0.0,0.0,0.0,0.0,0.0
2FV2sPYSluA,UgyuPhTxvHssf77Vp8Z4AaABAg,"Wow, VERY BEST SONG EVER! Thanks America! John P.",0.0,2021-04-07T20:00:01Z,0.0,entertainment,0.0,0.0,0.0,0.0,0.0,0.0,0.0
UzXP7bwx5Nk,Ugz5HOngFuhdZS_KeDZ4AaABAg,The second girl is SOO good at singing but every one is üëç,0.0,2022-10-31T19:34:26Z,0.0,entertainment,0.0,0.0,0.0,0.0,0.0,0.0,0.0
EdhR-ry40So,UgyAiw4yviF-KodPuX14AaABAg,A princess doesn&#39;t cry,0.0,2019-08-26T16:49:52Z,0.0,entertainment,0.0,0.0,0.0,0.0,0.0,0.0,0.0
3tDPeqLBbbc,UgzoJjia-dXgcx_Y__d4AaABAg,Idk why but I just hate drake so much,0.0,2023-03-15T17:59:15Z,0.0,entertainment,0.0,0.0,1.0,1.0,1.0,0.0,0.0
p_WMXvjjzIw,UgymXygjAVN7_HxckGV4AaABAg,Kenya is the best of the best in all areas,0.0,2023-06-16T10:00:47Z,0.0,entertainment,0.0,0.0,0.0,0.0,0.0,0.0,0.0
PiuRQr9b6Bc,UgzSkvwItbLi4OST-Zt4AaABAg,one thing<br>artist: one direction,1.0,2021-01-07T17:44:11Z,0.0,entertainment,0.0,0.0,0.0,0.0,0.0,0.0,0.0
r7B3foz0sOM,UgxS0BJLzrPYxXlwbDZ4AaABAg,Afghan spliced with... a Centipede?,0.0,2023-03-23T06:01:00Z,0.0,entertainment,0.0,0.0,0.0,0.0,0.0,0.0,0.0
M1hdhcfSQ4A,Ugz8sqnkUQfYCH_i-bN4AaABAg,They all had patachutes,18.0,2024-03-24T19:00:49Z,1.0,entertainment,0.0,0.0,0.0,0.0,0.0,0.0,0.0
mgT0N3tMP74,Ugw17s4IsX1-iRESEpN4AaABAg,"This was my favourite song when I was younger, I tried looking for it since then and so I found it! It is litarally my fav song ever",4.0,2022-08-30T14:18:26Z,0.0,entertainment,0.0,0.0,0.0,0.0,0.0,0.0,0.0
a2cPFE-Sqq0,Ugxf8iR5peg7UAZ2BXx4AaABAg,Wanted to dedicate this song to the YT hygienic Queen üëë üè°üè†üöóüöôüí∏ üí∞,0.0,2020-10-08T15:13:21Z,1.0,entertainment,0.0,0.0,0.0,0.0,0.0,0.0,0.0
e8psHWLGDN4,Ugxex0tBVZkuwfWTrlp4AaABAg,This song reminds me of the love of my life whom i tried to leave üò¢üíî,0.0,2019-11-14T15:11:35Z,0.0,entertainment,0.0,0.0,0.0,0.0,0.0,0.0,0.0
BVr3jgQMlVU,UgzYv-WnOM6vyvJQ9ad4AaABAg,"I&#39;ve been going through a really deep, rough depression.ü•Äüíî Thank you I really needed thisüôÇ",0.0,2022-01-12T18:23:46Z,0.0,entertainment,0.0,0.0,0.0,0.0,0.0,0.0,0.0
3yZ6WGTCT3Y,UgyEZAwwS2iz2LWpDQp4AaABAg,OMG! When you&#39;re obsessed with this song and it also mentions your name too!! Oof! Best feeling ‚ù§Ô∏èüíôüíú,6.0,2023-05-04T23:37:21Z,0.0,entertainment,0.0,0.0,0.0,0.0,0.0,0.0,0.0
r7B3foz0sOM,UgyuXHKInrbqf-BSXCd4AaABAg,"Please don&#39;t promote or LIKE  such kinds of FAKE VIDEOS ,   these  people get encouraged  by getting  LIKES",0.0,2023-03-23T06:01:00Z,0.0,entertainment,0.0,0.0,0.0,1.0,1.0,0.0,0.0
IwRQkd5YUvQ,Ugxs0qpayoOnqYAjoB54AaABAg,&quot;SHUT UP BRENDA!&quot; ‚ÄîRandom black YouTuber,0.0,2022-10-08T17:00:15Z,0.0,entertainment,0.0,1.0,1.0,1.0,1.0,0.0,0.0
sxyMmy-8p1Y,UgyVgWsiCTjwIm4S2sd4AaABAg,Would,0.0,2023-03-21T22:58:07Z,0.0,entertainment,0.0,0.0,0.0,0.0,0.0,0.0,0.0
sTtmpFIaFqc,UgzR1tPkNA3S6zPo8dV4AaABAg,Was this not almost like a scene in Suspiria? Or am I crazy,1.0,2021-04-08T01:00:14Z,1.0,entertainment,0.0,0.0,0.0,0.0,0.0,0.0,0.0
5Y7OiryM9c4,Ugx0hj7_CadlXJxaR1N4AaABAg,IS THIS ON SPOTIFY!? I LOVE THIS.,0.0,2023-06-26T18:02:51Z,1.0,entertainment,0.0,0.0,0.0,0.0,0.0,0.0,0.0
sqLWfFCbYBI,UgwHu7MF4L5tjemZ0OF4AaABAg,Why ‚ÄòFirst born unicorn‚Äô?,0.0,2023-02-13T13:09:13Z,0.0,entertainment,0.0,0.0,0.0,0.0,0.0,0.0,0.0
IwRQkd5YUvQ,Ugz1HdaP0tB4FJ2hldx4AaABAg,Bro body looks like a wall,1.0,2022-10-08T17:00:15Z,0.0,entertainment,0.0,0.0,0.0,0.0,0.0,0.0,0.0
3tDPeqLBbbc,UgzU5SJ5LXAbddeLduB4AaABAg,"Eminem: Yeah bro, you can copy my homework. Just change it a little bit.<br><br>Drake:",0.0,2023-03-15T17:59:15Z,0.0,entertainment,0.0,0.0,0.0,0.0,0.0,0.0,0.0
RokNFc6n4Xw,Ugz-Cz2Jz73961Fvjod4AaABAg,I hope oneday I am a made big youtuber ‚ù§üôá,0.0,2023-04-02T08:30:07Z,0.0,entertainment,0.0,0.0,0.0,0.0,0.0,0.0,0.0
q7mlB-adMBc,Ugy1NrsR89AeV8tr8oh4AaABAg,I still remember how inlove i am when i sang this song while looking at him,0.0,2022-08-24T11:05:03Z,0.0,entertainment,0.0,0.0,0.0,0.0,0.0,0.0,0.0
LyhrAGiE_Rc,UgxS59uz_hP6pQrDIud4AaABAg,Vo apne mind ko kise rubic cube mai banaya answer this?????,0.0,2023-04-27T13:05:39Z,0.0,entertainment,0.0,0.0,0.0,0.0,0.0,0.0,0.0
nAQ_1lTDvPQ,Ugzs9XXvDx8sziZ3rXV4AaABAg,I LOVE THIS ‚ù§ üòç üíñ ‚ù£ üíï üíò ‚ù§ üòç üíñ ‚ù£ üíï üíò ‚ù§,0.0,2023-06-05T17:16:21Z,0.0,entertainment,0.0,0.0,0.0,0.0,0.0,0.0,0.0
