,Unnamed: 0,videoId,id,textDisplay,likeCount,publishedAt,totalReplyCount,domain,genderBias,racialBias,hateSpeech,linguisticBias,textLevelContentBias,politicalBias,cognitiveBias
0,1672,j-2xHmcKkcY,Ugz1Ow_sqypto4yextp4AaABAg,"Has anyone had problems with breathlessness,when exercising if you push to much you feel like you are going to stop breathing.",0,2023-04-24T17:49:31Z,0,healthcare,0,0,0,0,0,0,0
1,2275,TunV-03_D_0,UgxSIOGgItFrpGAMkxt4AaABAg,I&#39;m not a doctor but Kefir drink makes better,1,2021-12-09T13:30:06Z,3,healthcare,0,0,0,0,0,0,0
2,64,OTrzXPTM0IE,UgyZ4Ol0Aha-9NRzJEp4AaABAg,Was it covid or OCD,0,2023-04-20T14:43:05Z,0,healthcare,0,0,0,0,0,0,0
3,2373,QJDvlzDR9pg,Ugwa0xwt4-uNz9yKCDJ4AaABAg,Seb how are you? Hoping your able to update on us how your doing,0,2020-02-15T14:00:03Z,0,healthcare,0,0,0,0,0,0,0
4,1019,DwgaIc3v3B0,Ugxz1XOhQ8cK5oz8_tl4AaABAg,New meditation video: https://youtu.be/VggHZLbX5K8</a>,2,2019-07-22T15:47:11Z,0,healthcare,0,0,0,0,0,0,0
5,1710,9XoI5jF1qoA,UgwSuHjYR2AbPK9FfGV4AaABAg,Love our videos? Check out our new courses made entirely with videos like this (without watermark): https://www.alilaacademy.com/</a>,5,2019-07-09T19:09:19Z,0,healthcare,0,0,0,0,0,0,0
6,1513,-55710WMpRY,Ugy2hBBcYL9U1OI-O7p4AaABAg,Is pausing at the start of the rep okay if all tension is lost? E.g. during a calf raise. is that the purpose?,0,2023-01-06T12:00:00Z,0,healthcare,0,0,0,0,0,0,0
7,1453,Y9TLwMDKkfE,Ugy87XMkTsCpK7WJfTZ4AaABAg,Can I hang if shoulder bursitis is currently painful?  I am active and can hang easily for 30 seconds at a time but I do have a bad stage of inflammation right now.  Not sure if I need to wait before starting regularly.,0,2021-01-05T17:00:29Z,0,healthcare,0,0,0,0,0,0,0
8,2202,0YWZdCjWt-A,UgxR853cOtGxbqRX3AZ4AaABAg,"Meeting Dr Ogoh on youTube is the best day of my life for curing my Cancer permanently, After 12 days of taking his Herbal medication I ordered, i also went for a test at the Hospital and the doctor there Confirmed it. Thanks doctor I‚Äôm forever grateful üôè",7,2021-04-26T21:36:57Z,0,healthcare,0,0,0,0,1,0,0
9,2506,_tMORbU5c3Y,Ugz9JgEcNjN80Ql2O4B4AaABAg,Now i hate dogsüò≠ i might run away from ppl who has rabies,0,2021-02-18T13:30:08Z,0,healthcare,0,0,0,1,0,0,1
10,1430,Og0m9qFkO8k,Ugyg1pxFzUh6tT8UNqB4AaABAg,I can&#39;t sleep from all the pain so I came here. It&#39;s already 2am,5,2019-03-24T14:46:31Z,1,healthcare,0,0,0,0,0,0,0
11,1959,kopaa5dI48U,UgwXhQl_9BfAT5OAd9h4AaABAg,Nothing just burning in upper stomach in morning only after waking up ??,1,2021-05-12T14:00:26Z,0,healthcare,0,0,0,0,0,0,0
12,149,jPs4_MeuX7U,UgwfBaUvP15ZTlI6zbh4AaABAg,The three most terrifying words. I&#39;m here from the government and I&#39;m here to help,0,2024-02-22T04:25:05Z,0,healthcare,0,0,0,1,1,1,1
13,1159,auP95Xr59F0,UgyLUE2kfcaCoe0aLoB4AaABAg,"How much time it takes to recover? And can we join the gym? After 2,3 months?",0,2023-02-24T05:00:04Z,0,healthcare,0,0,0,0,0,0,0
14,2151,CutRFPEeftk,UgzBAXSjJKVumhQT1qd4AaABAg,Its not only effective but also affordable. igrotum is a real game-changer for those looking for accessible cancer treatment.,0,2021-11-30T13:18:05Z,0,healthcare,0,0,0,0,1,0,0
15,825,zyz8y0Ccuqo,UgxHZberNFXmj8VomH54AaABAg,"Hello, can I have this injury but feel the pain only in my forearm? Thanks. I have watched your video for FDP and the test led me here but soon find out you only talk about the pain in the palm which I do not have at all.",0,2021-05-14T16:00:36Z,2,healthcare,0,0,0,0,0,0,0
16,1635,E0IBMWQDEH4,UgyXuIoMGlsM6vl2xhh4AaABAg,The ads interrupting this video makes it very difficult to focus,0,2019-07-02T21:39:29Z,0,healthcare,0,0,0,0,0,0,0
17,144,jPs4_MeuX7U,UgwYoVkarNKJH9SMj7h4AaABAg,"I would‚Äôve rather have been wrong about this than right. If I was wrong, at least it would‚Äôve been my life at risk, but now I know almost all of my loved ones are at risk and it outweighs the care I have for my own survival. Just wish they would‚Äôve listened.",0,2024-02-22T04:25:05Z,0,healthcare,0,0,0,0,0,0,0
18,970,WRx7q4Mb_AY,UgzEjz3Ie1ZSEz_o3XB4AaABAg,I wish the audio was louder.,1,2020-06-13T02:11:53Z,0,healthcare,0,0,0,0,0,0,0
19,1054,R6EFevkcPr4,UgzOVEhiu0z0TZHcCIB4AaABAg,Thank you so much for watching! Be sure to check out the blog with references: https://e3rehab.com/blog/quads/</a>,6,2021-11-21T14:00:16Z,3,healthcare,0,0,0,0,0,0,0
20,734,wGhUmdYqy9Y,UgyzbbQP-eKIHnjXCY54AaABAg,brilliant. first video i looked at too.,0,2022-10-30T13:00:29Z,0,healthcare,0,0,0,0,0,0,0
21,641,LlgL83nhhQA,UgwpawmpjqYwOgfSYI94AaABAg,Biggest scam in human history. Defund CDC and WHO,0,2024-03-12T00:16:48Z,0,healthcare,0,0,0,1,1,1,1
22,961,AHeCHaSBTXo,UgzmJW4Kkyv-N280uxJ4AaABAg,Ulnar dislocation treatment?,0,2021-08-16T16:46:08Z,2,healthcare,0,0,0,0,0,0,0
23,974,WRx7q4Mb_AY,UgzpWKQ44Fj9Q91TE2J4AaABAg,"When I squat or do Bulgarians, my right inner knee hurts and my on my left leg right above the knee on the outter side goes numb, why could that be?",1,2020-06-13T02:11:53Z,1,healthcare,0,0,0,0,0,0,0
24,2453,Sx-hpkXHZNg,UgyG4_FX1tjb9Y9apcR4AaABAg,"Fauci was part of this <br>&quot;Crime of the Century&quot;<br>We should show great respect to this interview and to this individual who wasn&#39;t afraid to speak out. Fauci had an ego and narcissistic character that was unmistakable, and for myself, it made me very suspicious. You won&#39;t hear any apologies from China&#39;s CCP or Fauci.",0,2023-03-21T15:46:40Z,1,healthcare,0,0,0,1,1,1,1
25,329,uQK9i-prv3M,Ugwv1ThqotBiXapMG_B4AaABAg,,1,2023-12-14T05:00:11Z,0,healthcare,0,0,0,0,0,0,0
26,2501,7Fg9nQnncI8,UgyujIvJrmFSGr1ib6x4AaABAg,"Extensively time that step we are afraid to take might just be the right one. I thank you, Dr Awopegba on YouTube for your inducement and for not allowing me down throughout the whole revolution. Your medication to regale HIV  is super tremendous I am delighted to came across your YouTube channel",1,2023-05-25T17:40:04Z,0,healthcare,0,0,0,0,0,0,0
27,1035,DwgaIc3v3B0,UgyKfoLUF9TIG5cRu8p4AaABAg,"Do you do anything like this for Pregnancy sickness, my niece is sick constantly throughout the day, it&#39;s really getting her down x",1,2019-07-22T15:47:11Z,0,healthcare,0,0,0,0,0,0,0
28,1855,_UkSPWGwCgs,UgwFCAQgkR1fYg2TupR4AaABAg,Hi I have had this 4 about7years but now I am concerned because I am constipation is this nomel it started 5 months ago but been through a lot of stress could you let me no,0,2023-02-13T00:00:22Z,0,healthcare,0,0,0,0,0,0,0
29,1013,pnCnOEGsOBA,UgwoXdg-Bieu0UwYcMh4AaABAg,"That‚Äôs how Nurkic snapped his foot/leg, dude was relatively lucky.",1,2024-03-11T01:19:41Z,0,healthcare,0,0,0,0,0,0,0
30,567,eznEho1GzGo,UgyMBS68MfJ7mcij15N4AaABAg,Wasn&#39;t covid originally thought to originate next to a bioweapons lab in Wuhan?,0,2023-12-28T01:20:39Z,0,healthcare,0,0,0,1,1,0,0
31,609,4TNatLEyFAo,UgxEGgGDE5XjxesOuNp4AaABAg,"Or here‚Äôs another alternative news title, the vaccine is causing heart to explode",1,2023-12-29T10:48:20Z,0,healthcare,0,0,0,1,1,0,0
32,1744,iMknixaRkHk,UgxeiWl4t_5D0S__jxp4AaABAg,"When I sit at table and lean forward .. continuously, at work , I find that , I have difficulty breathing. .. not sure what this means",0,2023-02-06T13:00:25Z,0,healthcare,0,0,0,0,0,0,0
33,381,p2XJCggsoRk,Ugx3ZQMg-Ok2qpNN4-94AaABAg,We dont play covid at our house,3,2024-01-29T16:16:45Z,0,healthcare,0,0,0,0,0,0,0
34,1546,N9yUmduG820,UgwQ_CJaxkWOkSTnfzl4AaABAg,"Thanks for sharing this information, I&#39;ve been watching your videos and learning too much about heart attacks. Also, 
<br>I&#39;m using the amazing product of Planet Ayurveda for the treatment of heart attacks.",0,2022-02-08T21:03:57Z,0,healthcare,0,0,0,0,0,0,0
35,1396,UG7fGycVDtU,Ugwb_6C6-2zd2--cscd4AaABAg,I walked on my ankle for a month. Because the dr was thinking it‚Äôs just a low ankle sprain. Turns out I had a high ankle sprain. So I ruptured it and now I‚Äôm here dealing with if I have to go through surgery next weeks,2,2022-05-22T13:00:24Z,0,healthcare,0,0,0,0,0,0,0
36,384,p2XJCggsoRk,UgxgZRhDB_FlwwVA3jV4AaABAg,Anyone testing positive for covid with no symptoms is to stupid to work.,0,2024-01-29T16:16:45Z,0,healthcare,0,0,1,1,1,0,0
37,1862,irjsEc_J4Zk,Ugz4zEAfm-9VYAyeeE54AaABAg,Ok now I&#39;m really scared i already have colon problems dr already saying should remove part of Colon because my colon isn&#39;t working well stomach is always swollen and hurts especially when I eat constantly constipation always i tried malax and linzes nothing helps plus on lots of meds nothing helps üò≠,0,2022-09-06T02:05:25Z,0,healthcare,0,0,0,0,0,0,0
38,193,sARA3p2RKGU,UgyuzLe_Qa-VKtEoVER4AaABAg,This was trumps fault. He butchered the response. He was a huge problem. Keep that gross diaper baby away from power,1,2024-03-07T23:26:53Z,0,healthcare,0,0,0,0,1,1,0
39,2177,N6Qf4kIFZaQ,UgynPYadIVqYJECpMZF4AaABAg,I love that you break down dpo timeline,0,2021-03-19T14:47:07Z,0,healthcare,0,0,0,0,0,0,0
40,935,OPU5teSONhE,UgznlRVuFYJiyezDiZ14AaABAg,"This was super helpful! I&#39;ll have to see if I can set up places where I can tie the bands to. Either way, this gave me a few ideas how  I could set it up! I just got diagnosed with high hamstring tendinopathy and will be doing these exercises until my app with a specialist! :)",1,2020-01-23T15:45:48Z,1,healthcare,0,0,0,0,0,0,0
41,399,qBt_H4Gc-rU,UgzUjyzkxm_v3WvLV1J4AaABAg,Oh I thought I was supposed to put the swab all the way in my nose üíÄ,1,2021-11-05T19:34:50Z,0,healthcare,0,0,0,0,0,0,0
42,257,im3otpqYAiQ,UgxIDs2Fdw3gR6wE9Mp4AaABAg,42 days my A$$! What about neuropathy? Are they uninterested? Cover up?,0,2024-02-20T00:25:10Z,0,healthcare,0,0,0,1,1,0,0
43,1715,9XoI5jF1qoA,UgwbxrIMUMwlY8hCO3F4AaABAg,Im 47 and have been going to the dr for two years for all these symptoms.  Never have they said i may be perimenopausal ... üôÉ Even tho i pms three weeks w month with spyratic periods.  Im losing my baby maker and nobody told me üôÉ. Irritable eadily agitated and super emotional.  Im surrounded by idiots amd most wimen can probably relate.  ü§∑üèΩüíØ,3,2019-07-09T19:09:19Z,1,healthcare,0,0,0,1,1,0,0
44,124,Bz4fn2QFO_A,UgyXrwXqnvOEOHEUxVV4AaABAg,CBD WORKS BETTER IN CONCERT WITH OTHER CANNABINOIDS YOU GOOBER<br><br>STOP DOING YOUR HALF SCIENCE,0,2023-04-30T20:28:07Z,0,healthcare,0,0,0,0,0,0,0
45,1418,h4yfVpHQjCY,Ugwh33cwN3tvmHAqfRt4AaABAg,Nothing to see here,0,2022-09-23T21:12:27Z,0,healthcare,0,0,0,0,0,0,0
46,1068,R6EFevkcPr4,UgwOwiGrncY2kdhg-SB4AaABAg,This video is very competent and informative.  Thank you for helping me track my recovery with your scale.,0,2021-11-21T14:00:16Z,0,healthcare,0,0,0,0,0,0,0
47,305,sidjKoHS6NE,UgzYOkA8jH4pIn2Hidl4AaABAg,What about getting a booster if you are 96?,0,2023-01-25T23:32:40Z,0,healthcare,0,0,0,0,0,0,0
48,1380,WZ8jQfy8p_g,UgxACmRjnr39DRb7Ju54AaABAg,This would be a great series covering different subs and different target areas. Loving this and the channel.,2,2021-07-22T14:34:02Z,1,healthcare,0,0,0,0,0,0,0
49,2346,K5nBDll97i4,UgzMx4PoEHABqV7-1eZ4AaABAg,try the yakrit plihantank churna of planet Ayurveda for better results,0,2020-05-15T17:37:14Z,0,healthcare,0,0,0,0,0,0,0
50,1999,HZdYAsEhn7U,Ugw-MORudHcA3cKm4U94AaABAg,Dr.Satish what is tonsillitis?,7,2023-03-11T09:30:08Z,1,healthcare,0,0,0,0,0,0,0
51,42,qq7Gl0Lza8g,Ugx6BHS5dPE9dWREZLF4AaABAg,Is this the plan of evil western governments to control my cat with vaccines?,0,2024-03-16T16:00:42Z,0,healthcare,0,0,0,0,1,1,0
52,2441,X1614ymdSIs,UgyyBuxHGX0zlQcUR6J4AaABAg,been crying a lot üò¢ I been feeling nauseous no throwing up and I was feeling dizzy and tired a lot barely any energy like one minute I want to sleep and then I wake up having to pee like a lot more and back sharp pains and the test said negative but I still keep feeling weird,21,2022-11-06T15:00:19Z,8,healthcare,0,0,0,0,0,0,0
53,1627,fv53QZRk4hs,Ugx7_w3Qi8E84soXlf54AaABAg,I take a little more clinical and more practical approach to this including dietary and lifestyle issues as I am a practising nephrologist.,1,2019-01-14T16:44:13Z,0,healthcare,0,0,0,0,0,0,0
54,6,otJVsW-uIAs,UgzDTXDa4B3q9nZ9K6p4AaABAg,Strep throat is news these days. LOL Give it a fancy name and play some music to go with the fear porn. Dont trust anything coming out of d.c.,0,2024-03-16T01:30:19Z,0,healthcare,0,0,1,0,1,0,0
55,1062,R6EFevkcPr4,UgwKYodbObAdmD2PGUN4AaABAg,I pulled this muscle while putting my football bag down. I was in tbe split squat isometric position when it occured. Quite painful. Thanks for this. Hopefully it heals quickly.<br><br>What are your thoughts on cycling as a recovery excercise for this muscle group?,0,2021-11-21T14:00:16Z,0,healthcare,0,0,0,0,0,0,0
56,2246,xcxszTKUM5o,Ugz_dX73c8C4GpyskGF4AaABAg,"Thank you very much for the nice explanation of lumbar stenosis.  I am from India. My father, who is 70 years old, is suffering from lumbar stenosis. Can you suggest a good hospital in India for treatment of lumbar stenosis.",0,2023-04-20T02:25:20Z,1,healthcare,0,0,0,0,0,0,0
57,1353,xHj8A4yNI2M,Ugx_8JTcCwMamQcyx554AaABAg,Thanks you very much Sir God bless you,1,2020-11-28T00:27:39Z,1,healthcare,0,0,0,0,0,0,0
58,780,PA1IgaJhx4o,UgzWB7gpLyl0B13Ku-t4AaABAg,My cholesterol medicine has side affect of tearing ligaments! I had shoulder and knee and retinal tear... all my rt side. I made Dr put me on different medicine,0,2020-07-09T02:00:02Z,0,healthcare,0,0,0,0,0,0,0
59,1126,3RDatz78X6Y,UgxtxbyPL1u8tp8G6xl4AaABAg,And now Gavi gets it üòû,14,2023-06-15T17:00:02Z,4,healthcare,0,0,0,0,0,0,0
60,639,LlgL83nhhQA,UgyFvip52OUlJIQbaNp4AaABAg,"Should interview journalists from CGTN The Point-Hub-Heat, Einar Tangan-Martin Jacques-Lijinjing-Tian Wei. Reporterfy Media in China, what policies worked? Poverty alleviation, trained &amp; hired 450K+ Nurses-Doctors-Engineers...",0,2024-03-12T00:16:48Z,0,healthcare,0,0,0,0,0,0,0
61,1736,OOJqHPfG7pA,UgwCUNRSfp-6PnvxLtp4AaABAg,Yeah this video is really making me feel better. I need a Xanax. Lmfao.,0,2020-03-18T17:52:24Z,0,healthcare,,,,,,,
62,2415,msnxCq62PMQ,Ugz79ja3pVOuSWc_L-B4AaABAg,That&#39;s why I&#39;m here now. Feeling,0,2020-02-25T16:30:00Z,0,healthcare,,,,,,,
63,1643,E0IBMWQDEH4,UgxfsYyMSTSvqyuE-JB4AaABAg,It&#39;s amazing vedio‚ù§Ô∏è,0,2019-07-02T21:39:29Z,1,healthcare,,,,,,,
64,57,FULEqLMqM30,UgzvjsOU-E3_gbKdQLJ4AaABAg,It&#39;s not the virus. It&#39;s the mRNA vaccines. Take vitamin D.,0,2024-03-15T20:03:13Z,0,healthcare,,,,,,,
65,263,hHjY3T3Ndqc,UgxAbIVm6NpNxCpnseh4AaABAg,"If the vaccine is doing so well today, why are other countries getting less shots per capita than us and still doing better?",0,2022-10-02T17:00:18Z,0,healthcare,,,,,,,
66,1646,E0IBMWQDEH4,UgxNS6_VUKFrwp228DJ4AaABAg,I was realy disappointed when i knew that you support the abnormal acts of some people that you as a doctor must know very well that by this act they are damaging themselves physical and psycological you should advise them not support them,0,2019-07-02T21:39:29Z,0,healthcare,,,,,,,
67,1914,4ZHi5g3n3SU,UgwoCsdAFj39w9y-L5R4AaABAg,I have gonorrhoea please I need your help,0,2022-07-20T14:00:04Z,0,healthcare,,,,,,,
68,1226,lpjkF3FZmTA,UgxuNlCSwbuL8ze2UJh4AaABAg,I had surgery hiatus hernia but after i got many symtoms blur vision....my brain and hearth 50 % work<br>This could be sign vagus nerve pinch,0,2020-02-07T14:15:00Z,1,healthcare,,,,,,,
69,714,1zw9JVXIg4s,UgwtJBsIQVhmHMJcCmN4AaABAg,Last year me and my friend we played football/soccer and I got kicked in the knee and I was in so much pain that I didn&#39;t even knew if I can walk but now I&#39;m ok,0,2022-08-24T16:00:02Z,0,healthcare,,,,,,,
70,275,hHjY3T3Ndqc,UgyBmJdkh4AfkByJM314AaABAg,"As a nurse I‚Äôve seen quite a few people pass away, I have never seen someone die within 4 hours of first symptom like we saw with covid. It was really scary",0,2022-10-02T17:00:18Z,0,healthcare,,,,,,,
71,1146,5p2pTErk0-4,Ugw-YC3fRgwO9kT2SOB4AaABAg,"how does one get diagnosis of TFCC injury? I do have carpal tunnel and the placement of my pain is exactly what is shown in this video..but of course, it&#39;s a self-diagnosis but i&#39;m not an expert...",0,2020-04-23T23:59:39Z,0,healthcare,,,,,,,
72,863,ub_ttbKcGvc,Ugy63tbOISjUPC0GfdZ4AaABAg,"Thanks so much for this content Hooper! You have no idea how reassuring it is to hear a pop at the gym and fear you&#39;ll be done climbing for god knows how long, but are able to instead sit down for your video and get full guidance from diagnosis test to rehab plans. We don&#39;t deserve you but we sure do need you!",3,2021-07-26T16:00:34Z,0,healthcare,,,,,,,
73,1494,rgwB4NtSCig,UgziF4Yrkuy8ERfIa2B4AaABAg,"The bladder problem, what if you only have accidents with inability to hold once you feel like you need to go? Wouldn&#39;t I also have trouble with the the other place,  like Colin?",3,2020-01-23T14:38:03Z,0,healthcare,,,,,,,
74,1017,pnCnOEGsOBA,UgyLYavOxMLOYuqJ3Tt4AaABAg,"Man that ankle roll was terrible, shame this was a bust out year for him.",1,2024-03-11T01:19:41Z,0,healthcare,,,,,,,
75,1038,2cT2w1x39BM,UgzCofIfSopYcIjBW2p4AaABAg,I pulled my hamstring last night while diving for an interception in a flag football game smh it‚Äôs the same hamstring that I strained in college running track. One of the worst injuries ever!,0,2021-03-08T18:12:13Z,0,healthcare,,,,,,,
76,477,7olmkejc3vM,UgzSrPk1hcc596syWap4AaABAg,Thank you! This was extremely helpful and easy to understand,0,2022-03-24T16:05:24Z,0,healthcare,,,,,,,
77,2113,Dm_q2lIF30g,Ugw-SHywQxLioNcbpkd4AaABAg,"My mom is a nurse, so I hardly ever go to the doctor. I can‚Äôt get diagnosed but I have shown almost all of the signs. Waiting til I turn 18 so that I can finally go and get diagnosed",0,2021-06-12T06:31:33Z,0,healthcare,,,,,,,
78,2472,fIIJmg_1hv0,Ugx73Y0jZTstLNRxmhF4AaABAg,Please wht is the chances of two As couple to give birth to none sickle patient,0,2019-11-05T20:43:20Z,0,healthcare,,,,,,,
79,1785,EDCaFKgtXks,UgxkyZ-YKG_KnpAvhpx4AaABAg,I have a protein in my heart which stiffens the muscle causing slow motion heart failure ..Taking a medication that is slowing it down..  It&#39;s always something ya know ...,1,2023-04-25T15:12:52Z,0,healthcare,,,,,,,
80,1205,gSn7hdwdpQg,UgxVre-9fNtrMELDMqR4AaABAg,Incredible this was free to watch thanks mate just did my ac at MMA class last night,0,2022-04-19T16:00:35Z,0,healthcare,,,,,,,
81,1782,EDCaFKgtXks,UgzfvXB7VoNF66IcPZB4AaABAg,Is this the explanation about systolic or diastolic ? Please answer to me,0,2023-04-25T15:12:52Z,0,healthcare,,,,,,,
82,1732,OOJqHPfG7pA,UgxWVaGQPe59WH8VxYF4AaABAg,Easiest disease in my life,0,2020-03-18T17:52:24Z,0,healthcare,,,,,,,
83,2141,CutRFPEeftk,UgycKa28iWDvHGSp8-p4AaABAg,"When i cough, i taste the blood, i see light pink traces in my saliva, sometimes tiny red dots, my legs always feel very powerless when this happens. Its been happening for the past month every other day. Im going to the doctor on monday. Anyone else get these exact symptoms?",0,2021-11-30T13:18:05Z,0,healthcare,,,,,,,
84,996,L5SS0f-_0_8,UgxeudLV9K2fplM332V4AaABAg,Hi what sort of tests can diagnose pubic symphasis issue,0,2021-08-27T17:20:02Z,0,healthcare,,,,,,,
85,249,im3otpqYAiQ,Ugwh-Z-6Cglu6j8VbCF4AaABAg,Did you find anything pertinent??? He just said heart disses...o and if you got the shot and cov its has side effects??,0,2024-02-20T00:25:10Z,0,healthcare,,,,,,,
86,2341,K5nBDll97i4,UgxbGiZYMG9GRaISeJ54AaABAg,Thank you so much ..very informative video...Yakrit plihantak churna of Planet ayurveda are such a very good results on Jaundice .,0,2020-05-15T17:37:14Z,0,healthcare,,,,,,,
87,2143,CutRFPEeftk,UgxP2iqS_Im640x9DGx4AaABAg,Most of lung cancer patient doesn&#39;t smoke,0,2021-11-30T13:18:05Z,0,healthcare,,,,,,,
88,408,V1Sh06CrayM,UgwQuiyP5yElgoTfeg54AaABAg,Plandemic : CHEAP MASKS DO NOT WORK! When will THIS PHARMA . /Faucci &amp; his PARTNERS Madness EVER END ?,0,2023-12-29T23:55:53Z,0,healthcare,,,,,,,
89,1770,ULsSgZ4sQ0g,UgypQM7eMrUP7WavoKR4AaABAg,Ive got stage 4 colon cancer. My cea level in Jan was 799 its now 4. Having my 22nd lot of chemo tomorrow. Ct results have all shown a reduction so hopefully it carries on like that and they can get more years out of me.,28,2022-05-17T12:00:13Z,3,healthcare,,,,,,,
90,1852,_UkSPWGwCgs,UgwVUB7PGvxq6fGsc514AaABAg,I&#39;ve had around a dozen infections but if i eat raw garlic everyday then i dont have any problems.,0,2023-02-13T00:00:22Z,0,healthcare,,,,,,,
91,1728,OOJqHPfG7pA,UgwD5x0BI9yYz4f_9g94AaABAg,"In bed rn, w COVID- not feeling great, I was burning up, now I‚Äôm freezing",1,2020-03-18T17:52:24Z,0,healthcare,,,,,,,
92,2457,fIIJmg_1hv0,Ugx_ZTW_zvqYwRvV7k14AaABAg,Dr Osade on Youtube has the best remedy for sickle cell,0,2019-11-05T20:43:20Z,0,healthcare,,,,,,,
93,2427,msnxCq62PMQ,Ugx7Jmd78NwGTIQTb5l4AaABAg,"I going throuh chest pain , hand are trembling and body also, and i feel a deep pain in my heart i say this to my parents but they don&#39;t care about it üò≠üò≠üò≠ i feel this pain with 3 months continuously üò≠",0,2020-02-25T16:30:00Z,0,healthcare,,,,,,,
94,2058,9szWM-YQVYc,UgxLU5Zngg_ydKUuPqp4AaABAg,Who writes these headlineüòÖ,0,2021-10-11T14:00:09Z,0,healthcare,,,,,,,
95,2128,8T90GKkoqZ4,UgzEYy0M2TVTWU3iU1J4AaABAg,When your one Brest is double to the other then is it possibility of Brest cancer please tell me I&#39;m worry  about that ....üò¢üò¢,0,2020-09-29T14:00:01Z,0,healthcare,,,,,,,
96,1254,JZka0UvmL4w,UgyL3lT_yaqBoiINGOl4AaABAg,Sir I have a pain in wrist when I hold weight horijontally any thing like dumble and a tendon beside my wrist bone fall down when I rotate and it is also making noise during rotation,0,2022-04-01T20:02:59Z,0,healthcare,,,,,,,
97,49,FULEqLMqM30,Ugyh7D7J5GljYHKTouR4AaABAg,"LOL, still pushing the lies huh? These boomers in power need to go away, stay away, and pass away. &quot;Long covid&quot; is a lie to cover up vaccine injuries.",0,2024-03-15T20:03:13Z,0,healthcare,,,,,,,
98,736,wGhUmdYqy9Y,Ugym0kNNsjsElJj6WF94AaABAg,THIS IS SUCH A GREAT  VIDEO,0,2022-10-30T13:00:29Z,0,healthcare,,,,,,,
99,950,ugEziwkFPEg,Ugw2eD3Cj_fKSSc-RoZ4AaABAg,Does the very top of the shoulder need to stay on the wall? The last stretch is a little hard to really see what I should be doing. Is it ok if the very top of my shoulder lifts up or do i want the entire thing to stay on the wall as much as possible?,1,2020-01-17T11:15:18Z,1,healthcare,,,,,,,
100,1022,cMz_sTgoydQ,UgzDmkuwKXeN1vdcPVN4AaABAg,John voight you fascist phawk,0,2020-11-16T07:30:01Z,0,politics,0,0,1,1,0,0,0
101,176,0nrZwGbf55w,UgyUIt9gXN0Y72Cw-Kt4AaABAg,"üòÆShocking, not endorsing the person who supported/ endorsed Pence‚Äôs beheadingüôÑ.",0,2024-03-15T23:17:40Z,0,politics,0,0,0,1,1,1,0
102,1908,jVdBhu0KgJo,UgzMqzfvu5HEeZpOZ8x4AaABAg,The copper golem is the most mob which fit the update of the 1.21 tinkering update with lots of copper items.,1,2021-10-13T15:00:23Z,0,politics,0,0,0,0,0,0,0
103,551,TPv15evNVgA,UgyI1QS_2kFmL_mGO_d4AaABAg,SBI has still not disclosed the bonds database of more than 4000 crores. Newslaundry just broke the news on it,2,2024-03-15T11:56:50Z,0,politics,0,0,0,0,1,0,1
104,1605,IaPuKdI5vAk,UgyBYMm0zeVSSntdORN4AaABAg,Correct. I&#39;m an ESTJ and the two worst people I&#39;ve ever known are both ISFPs. The world would be a better place if they lived on Mars.,0,2022-03-11T16:59:52Z,0,politics,0,0,0,1,0,0,1
105,221,YgR3uK8nCQo,UgxqkMsYqUfzC9VM-sp4AaABAg,There are too many stupid like this in America.,0,2024-03-19T23:25:17Z,0,politics,0,0,0,1,1,0,0
106,3,8gjqTLX0QUo,UgyMnDQIPCls53_8uIB4AaABAg,They picked a good number this time,0,2024-03-18T21:57:26Z,0,politics,0,0,0,0,0,0,0
107,874,ApVCi1Zzx4Q,UgxNQlzv0_GHcXeVVtx4AaABAg,In a you dream so sit down pnp  and jlp  is the same thing,0,2024-02-27T19:04:18Z,0,politics,0,0,0,1,0,1,0
108,463,lTGubB48Deg,UgxQj2BqEC4PJBylk1N4AaABAg,iam 82+you are pleasant and have high sinceriety  and bless you<br>and pray for india,0,2024-03-19T08:37:03Z,0,politics,0,0,0,0,0,0,0
109,1143,MoP1Z2ZGpv8,UgytPJ4dMlR1m1PvMz54AaABAg,Feku mediya .congressparty open jit rahi he,2,2023-05-13T03:29:27Z,0,politics,0,0,0,1,0,1,0
110,1356,xYVlyqKAPAM,UgxJEfQFNASpGTHcTcF4AaABAg,People had been standing on cold streets for 3 hours to put the ballot. No electronic BS. And 80 percent voted for Putin. There is opposition in any country of the world. So?,0,2024-03-17T11:00:59Z,0,politics,0,0,0,0,1,1,1
111,944,4bsjMOuOWOg,UgyhLSboiN1X6I5uKvl4AaABAg,He that dwelleth in the secret place of the most High shall abide under the shadow of the almighty God,1,2024-02-27T05:10:25Z,0,politics,0,0,0,0,0,0,0
112,1986,Z_pWDBH1sI8,Ugz-Xpd3n5vOrdFkIeJ4AaABAg,"November 2008, November 2012 and November 2020 were the worst dates in U.S history",2,2020-11-07T16:58:29Z,7,politics,0,0,0,0,1,1,0
113,698,potnYCw_EDA,UgzM6Mrdpburi9zBFLd4AaABAg,Chiponda English it is quite good! I like when people speak very clear!,0,2021-09-02T14:45:03Z,0,politics,0,0,0,0,0,0,0
114,1328,KvGeqx4Gtfs,UgyLmZG-Txdku-cfe_14AaABAg,"PENCE, = TRAITOR, RINO AND LIBTARD!",0,2024-03-18T22:45:00Z,0,politics,0,0,1,1,0,1,0
115,1218,mikRI9ra14w,UgxtFdzfaz-C2V1Tk_N4AaABAg,Traitor can‚Äôt be a president.<br>Your only one way is PRISON 2024.,0,2024-03-19T21:24:11Z,0,politics,0,0,0,1,1,1,0
116,1357,xYVlyqKAPAM,UgyxJfbpaApbmBOVGWl4AaABAg,what a well spoken presenter,0,2024-03-17T11:00:59Z,0,politics,0,0,0,0,0,0,0
117,595,1C5qK509P60,Ugytrjrv8o4pP29vwyN4AaABAg,üòÖDonald Trump and Co is kriminal! Please dont wote him again! Trust your heart not your brain!,0,2024-01-16T00:04:50Z,0,politics,0,0,0,1,1,1,0
118,1508,Y0LA7Ff2hgs,Ugypa0oOHAmjKCigd-t4AaABAg,He‚Äôs a guaranteed winner in the trumplican 4:20</a> party! Great vice president candidate for trump! Damn this gets scarier all the time! There are some sick people out there and they all love there guns!,0,2022-11-07T07:30:04Z,0,politics,0,0,0,1,1,1,0
119,665,aEDRBDwu5bg,Ugxumxx_1fhNeBWKftJ4AaABAg,All democracy are welcome...üëç,2,2020-12-08T03:02:45Z,0,politics,0,0,0,0,0,1,0
120,1844,bII8AH5t6zI,Ugxd1TYN-FDHT0GP8lp4AaABAg,2:06</a> - crazy how this turned out to be reality.,2,2020-10-25T07:12:25Z,0,politics,0,0,0,0,0,0,0
121,138,L6lvn86rkD4,UgypgOmOp9Fxg5YpQc94AaABAg,Congress is dying,1,2024-03-01T23:00:12Z,0,politics,0,0,0,1,1,1,0
122,1539,VbycLj2pWPo,Ugz3S9Hcls2sfUrUi3R4AaABAg,Congratulations Vlad. This is what a real leader looks like!,0,2024-03-17T20:59:22Z,0,politics,0,0,0,0,0,0,0
123,185,0nrZwGbf55w,UgyTqIL8WmP45JSYToB4AaABAg,"He just figured out now that Trump is a threat, is he stupid?",0,2024-03-15T23:17:40Z,0,politics,0,0,0,1,0,1,0
124,895,fn-vt5TBCAQ,UgxnHoAPTJlWZ_Pzf-l4AaABAg,Where are the &quot; CRITICS &quot; of EVM machines.,1,2023-05-13T06:13:43Z,0,politics,0,0,0,1,1,1,0
125,685,4k1iYKpUaKU,UgzG3YzCXg28TxOEb6B4AaABAg,I looked up the word ‚Äúcreepy‚Äù in the dictionary and there was a photo of Ted Cruz.,0,2021-02-02T19:24:24Z,0,politics,0,0,0,1,0,1,0
126,61,uH2G_lLFzl0,UgwFHiKu8ULRb9f-erl4AaABAg,It&#39;s not election year without Steve Kornacki at the Big Board!,0,2024-03-19T16:35:10Z,0,politics,0,0,0,1,0,1,0
127,1246,gxKyxb0Gy7E,UgzF_uZoxEj4FM3B2fd4AaABAg,Romney&#39;s career is toast! His mormon attitude is rotten.,0,2024-02-29T11:00:38Z,0,politics,0,0,0,1,0,1,0
128,1236,e3SvmT4M_Qs,UgwPQAtoFwiXa_8rJK54AaABAg,Who would have guessed üòÇ,0,2024-03-17T19:36:26Z,0,politics,0,0,0,0,0,0,0
129,410,VhrBRaNJg04,Ugwar4GiMYOC1iUI2-d4AaABAg,What a disgusting woman.   Roll on judgement day!!,0,2022-04-22T16:49:42Z,0,politics,1,0,1,1,1,1,0
130,1683,LY8L6C7tsx8,UgwIw0bV2-1kIeP7Jjd4AaABAg,"Here in Australia we often have sausage üå≠ sizzles at voting stations if they&#39;re held at schools. Go vote &amp; have a $2.50 snag with onion, mustard and sauce - it&#39;s so civilised!",0,2020-09-14T12:17:57Z,0,politics,0,0,0,0,1,0,1
131,1320,KvGeqx4Gtfs,UgwIo_zYnTX4bzGx3Jd4AaABAg,Pence may not endorse tRump but he&#39;ll still vote for the puke.,1,2024-03-18T22:45:00Z,0,politics,0,0,0,1,1,1,0
132,59,uH2G_lLFzl0,Ugzic_WTOjTT7UVUycJ4AaABAg,We cannot let Donald avoid the big house by clawing his way back into the White House. Vote blue!,0,2024-03-19T16:35:10Z,0,politics,0,0,0,1,1,1,0
133,1876,1MWbk8yGvSs,UgyfjwKUCC5K9OtP_kZ4AaABAg,Hinduphobia,0,2024-03-17T02:28:38Z,0,politics,0,0,1,1,0,1,0
134,1715,AytDzZ2ecCc,UgwKUUgnugqV7h3tY1J4AaABAg,"The older I get, the more &quot;chicken scratch&quot; my cursive signature gets..  Somewhere around the 4,000th time I got sick of making anything but the first and last letter legible..",0,2020-10-05T06:30:00Z,0,politics,0,0,0,0,0,0,0
135,1529,svEuG_ekNT0,UgxLLU5_GgRWegAThxZ4AaABAg,üòÇüòÇüòÇ Wow! Now if that version of the tooth fairy existed I&#39;d definitely be toothless by now!,0,2019-11-04T07:30:01Z,0,politics,0,0,0,0,0,0,0
136,1050,QpI-wjSSWLs,UgwAzpUNju4i7NTCVep4AaABAg,Every one rushes to take credit but no one wants to even admit it  is a defeat. These endless TV shows don&#39;t seem to have any meaning.,0,2021-05-02T05:45:17Z,0,politics,0,0,0,0,0,0,0
137,1244,gxKyxb0Gy7E,UgytfqaK5NLV6ncktdR4AaABAg,We need to voted Rooney out,0,2024-02-29T11:00:38Z,0,politics,0,0,0,0,1,1,0
138,1956,CMwk8HzRrKg,UgzHTUyq1Ng18nSzCOl4AaABAg,What was Benedict Donald&#39;s pr guy?,0,2022-12-14T13:00:05Z,0,politics,0,0,0,1,0,1,0
139,926,GbWgrXZ4Hxw,UgzUYEsnJ5dR_j_2VQV4AaABAg,Yes .   That&#39;s life,1,2024-03-18T02:56:04Z,0,politics,0,0,0,0,0,0,0
140,269,M8EEjFLHtao,UgzRxROv4rJA79wUzyt4AaABAg,Poor guy is out of money now so he&#39;s really reaching with his campaign promises.,0,2024-03-18T00:54:39Z,0,politics,0,0,0,0,0,1,0
141,1780,i5v43U-YLow,UgxQLkL9M6XMaY22qid4AaABAg,I am black don&#39;t have a problem with voter ID i have a problem with you the way you talk to black voters,0,2024-03-14T23:47:28Z,0,politics,0,0,0,0,0,0,0
142,1865,RiYq8AQG9uI,Ugw84oHz25m0hdLM1g54AaABAg,2:37</a> is when the jewish space laser hit,1,2020-10-14T17:31:23Z,0,politics,0,1,0,0,0,1,0
143,1785,i5v43U-YLow,UgyPkQwSx_vkPI2aV_N4AaABAg,If 45 gets in we will NEVER have a real election again.,0,2024-03-14T23:47:28Z,0,politics,0,0,0,0,1,1,0
144,115,RffWAN9UA7k,UgwqJBWPU6eUexLC4fN4AaABAg,Trump is off the rail like all rulers. If they are all blood thirsty what can it matter. My thought for the day : how do these blasphemers become so rich and powerful?? üòÆüòÆüòÆüòÆ,0,2024-03-18T10:38:51Z,0,politics,0,0,0,1,1,1,0
145,1033,dWdEH2DG9Zc,Ugz1j2eYD5KQNA1lBzp4AaABAg,its time to evict turkey from nato likely allied to russia than in nato,0,2023-05-14T21:11:46Z,0,politics,0,0,0,0,1,1,0
146,1,8gjqTLX0QUo,UgwCE74eY-SuxCGIKmV4AaABAg,Question for the democrats,0,2024-03-18T21:57:26Z,0,politics,0,0,0,0,0,1,0
147,479,f3Z3cCtmA60,UgyGeuAusNUCf2_q-Qt4AaABAg,Wow Fani out here havi g an affair with everyone. üòÇ When are we gonna talk about the gang leader she was with before which is more than likely the real reason Young Thug was arrested to begin with? We need to do a deep dive into her life and who she associates herself with.,0,2024-03-15T12:00:40Z,0,politics,0,0,0,1,1,1,0
148,226,YgR3uK8nCQo,UgyhQKZC1VaY7mSQEAB4AaABAg,Just because she doesnt believe doesnt mean that&#39;s what is true.<br><br>It IS possible to believe in misinformation.,0,2024-03-19T23:25:17Z,0,politics,0,0,0,0,0,0,1
149,327,quJkRRFeRO4,Ugxm1MCkBR_4SGFdKNF4AaABAg,And in Ukraine there are even no elections,0,2024-03-17T13:18:39Z,0,politics,0,0,0,0,1,1,0
150,218,Mxw3BUS2gck,UgycmrSHIgikYs21EU54AaABAg,Justice for SSR please sir<br>Boycott Bollywood,0,2024-03-18T18:38:16Z,0,politics,0,0,0,0,1,1,1
151,1832,bII8AH5t6zI,UgwFLzUquDhuhxkPKhp4AaABAg,SNL can play this clip on next week&#39;s show,1,2020-10-25T07:12:25Z,0,politics,0,0,0,0,0,0,0
152,432,2LwzFspUOlI,UgwcdLoTnPlon30qgGt4AaABAg,There is a deal if you make him off the hook. He will.not run or loose intentionaly,0,2024-03-15T02:00:01Z,0,politics,0,0,0,1,1,0,0
153,482,f3Z3cCtmA60,Ugw8uu5nooGEvzFuWLx4AaABAg,Trump is innocent but that&#39;s not why we&#39;re going through this we&#39;re going through this because you want to stop Trump from running for president because he will win,0,2024-03-15T12:00:40Z,0,politics,0,0,0,0,0,1,0
154,493,mdLvsMcbKbw,Ugyxz7W9LIJ5xO87lld4AaABAg,Such a jerk controlled by thaksin,0,2019-02-08T12:37:47Z,0,politics,0,0,1,1,0,1,0
155,583,1C5qK509P60,UgzMBugsF4-n822-4y94AaABAg,USA need  D Trump iisuport Donalh trump,0,2024-01-16T00:04:50Z,0,politics,0,0,0,0,0,1,0
156,1894,hFLtTUzSYUc,UgyysRyRGE0fRQ_RVw94AaABAg,I-Team: Did Coffee County breach put future elections at risk? Depends ...<br>FOX 5 Atlanta,0,2024-03-13T13:45:03Z,0,politics,0,0,0,0,0,1,1
157,599,zTjyE7dH3Tc,UgwTJu8hDLuGXAOqeWx4AaABAg,"Praveen Shaikh mem capital TV,<br>Excellent analysis üíØ%<br>Always stay bless üéÅüéÅ",0,2024-03-15T04:15:02Z,0,politics,0,0,0,0,0,0,0
158,1186,aPWSK7plPGI,UgygC7Jrgjc1UD3FYfl4AaABAg,Nothing weaker than a fat man in a diaper.,0,2024-03-20T21:30:02Z,0,politics,0,0,1,0,0,0,0
159,1699,ajavsMbCapY,UgyxUCM93WiJowuJK_F4AaABAg,I haven&#39;t trusted the polls since 2016.,0,2020-10-31T12:00:01Z,0,politics,0,0,0,0,0,0,1
160,1930,qR5rwYdOuxc,Ugy4Ck2UQbbjP2sz7354AaABAg,NOT MINE EITHER!!!!!!,0,2024-03-12T13:21:51Z,0,politics,0,0,0,0,0,0,0
161,1215,mikRI9ra14w,UgxM6BXEVb2l4xc_PB94AaABAg,Trump will prevail in the end...,1,2024-03-19T21:24:11Z,0,politics,,,,,,,
162,1954,4Y6UYXilWkY,Ugxl8YdY_RlVracHtRB4AaABAg,Vote for your life,0,2020-09-22T15:54:42Z,0,politics,,,,,,,
163,662,nAnEuNgyuFI,UgwWMI3a8WQuux62pfN4AaABAg,Most loved man for his  serious comedies.,5,2024-03-06T13:00:10Z,0,politics,,,,,,,
164,1287,No7ewLdJU_Y,UgxDD_mRRRFQjPyKZA94AaABAg,So im to understand that the VRA 0f 64 allowed illitterate blackmen to vote. Shocking hahaha,0,2020-10-10T22:22:39Z,0,politics,,,,,,,
165,184,0nrZwGbf55w,Ugw0fEtoKeyKoXQ5s354AaABAg,"Your so rite,I agree with him,I voted for Trump,after Jan 6 I will not vote for any President Republicans or Democrat who go against are democracy!! Good for u Mr.Pence...Say it as is!!",0,2024-03-15T23:17:40Z,0,politics,,,,,,,
166,1088,EYCz_XiPTwY,UgyguIvOVTQB6Oogy6p4AaABAg,üëçüëçüëçüëçüëçüëçüí™üí™üí™üí™üí™üí™üí™ Tat trick CM. KCR.üíêüíêüíêüíêüíêüíêüíêüíê,0,2023-12-01T05:53:24Z,0,politics,,,,,,,
167,918,GbWgrXZ4Hxw,Ugz-fqF2t03C5bcIjCt4AaABAg,"I like how Julian Assange said that wars (and, I would add, terrorism) are caused by the lying media.",0,2024-03-18T02:56:04Z,0,politics,,,,,,,
168,878,5jKGEOTXh88,Ugw1TN79mUqtJJyknEV4AaABAg,"Here i have to mention what  Cho Rama swamy had said one day &quot; if Left thinks, they have a very bright future in Indian Politics, India is left with no future at all&quot;.  Hence , dont fool us.",0,2024-03-23T14:38:44Z,0,politics,,,,,,,
169,758,k4dZykkKipM,UgxbnVtadLa9EjWtYPN4AaABAg,WHO GAVE UP BAGRAM AIRBASE??????????????!!!!!!!!,0,2024-03-20T10:32:49Z,0,politics,,,,,,,
170,992,mvgedBYG31g,Ugwx856lwCnD6yNYevl4AaABAg,"YEP !  Russia is still in Political corruption, Bribery Cronyism Kleptocracy, Electoral fraud &amp; Legal plunder Nepotism Slush fund Political scandal all thanks to Putin",1,2024-03-17T21:57:57Z,1,politics,,,,,,,
171,740,hpifzNRmgTE,UgxWX1Lx58E-lsaWTsx4AaABAg,"My GOD , she‚Äôs an absolute BushPig‚Ä¶ ü§¢ü§Æ",0,2024-03-23T19:29:54Z,0,politics,,,,,,,
172,1687,EmzhhHOG0Ks,UgwX_io3peUIbUpFVul4AaABAg,JESUSCHRIST THE ONLY HOPE HOPE FOR THIS FALLING NATI√ìN. üè≥Ô∏è‚Äçüåà<br><br>ROMANS CHAPTER 1 VERSES 25/32.<br>‚ÜóÔ∏è‚ÜóÔ∏è‚ÜóÔ∏è‚ÜóÔ∏è‚ÜóÔ∏è‚ÜóÔ∏è‚ÜóÔ∏è‚ÜóÔ∏è‚ÜóÔ∏è‚ÜóÔ∏è‚ÜóÔ∏è‚ÜóÔ∏è‚ÜóÔ∏è‚ÜóÔ∏è‚ÜóÔ∏è,1,2024-03-20T16:19:52Z,1,politics,,,,,,,
173,1089,EYCz_XiPTwY,Ugxsl224uYJT4a6Ql_94AaABAg,Minimum of 52-54 BRS MIM 6-8 BRS Form govt,0,2023-12-01T05:53:24Z,0,politics,,,,,,,
174,544,ZaVnuwhADYk,Ugw_p-hTqLGBucYPqgJ4AaABAg,The elites never have a clue . King George had no idea what was going when Patriots tossed Tea into Boston Harbor . Jan 6th will be an interesting day .,0,2021-01-04T14:42:19Z,0,politics,,,,,,,
175,232,YgR3uK8nCQo,Ugz5hDBALCoEygar0np4AaABAg,I seen that woman on 27th Ave. &amp; Indian school doing anything for 50 bucks,1,2024-03-19T23:25:17Z,0,politics,,,,,,,
176,1082,Od_7PnYKn7s,Ugz2mfJYi0l2n7bzvON4AaABAg,BJP hatao desh bachao<br>BJP jhutha our jumla party hai,1,2023-10-09T07:19:28Z,0,politics,,,,,,,
177,1200,36aboYMTuMk,UgxWSvswwT31AdXXdup4AaABAg,So bad..US approving rate 20+,0,2024-03-18T12:46:35Z,0,politics,,,,,,,
178,251,nn23VyZBIt0,UgxfcQQSG0AW7oIREAN4AaABAg,We need putin,1,2024-03-15T10:57:57Z,0,politics,,,,,,,
179,1542,VbycLj2pWPo,Ugy4GHtpFdgGUT6cEYh4AaABAg,No one can remove Putin from powers. Not until 2030 if im not mistaken. Or perhaps he could continue more years unless if he is in a health constraints.,0,2024-03-17T20:59:22Z,0,politics,,,,,,,
180,708,HUyfoh_nmM8,UgwbN5stljsqmX7GNdR4AaABAg,"They guy oversaw a 12-13% swing and says the other side did badly, get out of the way Jeremy, it&#39;s time to let Eric Abetz take control so an adult is in charge.",0,2024-03-23T11:13:51Z,0,politics,,,,,,,
181,291,hP0Dn14NnW8,UgxMirt3ranOolTlh8F4AaABAg,Trump will save America from the lying leftist like this cloat.,0,2024-03-18T10:54:20Z,0,politics,,,,,,,
182,1762,gwdvVMRRDxM,UgwdKUOrX1x6cZrwBPp4AaABAg,"&quot;Biden is the norm, why are these people still voting for Trump&quot; üòÇ<br>The media are in panic",0,2024-01-30T02:30:30Z,0,politics,,,,,,,
183,43,nDmDlwbndQE,UgxPs_qBewh1GbnsHDh4AaABAg,Options be like - Vladmir &amp; Bullet üòÖ<br>Just kidding guys that was a fair election ü´£,0,2024-03-17T19:51:38Z,0,politics,,,,,,,
184,1631,MP2ON_agBVM,UgyBGBDQVCgTfXcZHZd4AaABAg,"How hateful NBC news has become.  The propaganda is so thick, you can walk on it.  We have the internet, start watching what the people experience and how they live and feel about where they live, no matter what country it is, only then you will be able to start seeing the truth.",0,2024-03-17T18:30:13Z,0,politics,,,,,,,
185,152,bf0BfWJJ3WI,UgzkBR8aFON1Q6qKbBJ4AaABAg,God blessssss u two ‚ù§‚ù§‚ù§‚ù§,1,2024-01-15T16:02:20Z,0,politics,,,,,,,
186,1815,oZUot1er0F4,Ugx48URkjWVXKk4h6bh4AaABAg,"I just can&#39;t understand why the Democratic Party doesn&#39;t replace their candidate with a younger, more dynamic one to compete against Trump",0,2023-11-06T22:00:31Z,0,politics,,,,,,,
187,317,quJkRRFeRO4,Ugz_aPYcWK2-6Ydtr7Z4AaABAg,Paid critics,0,2024-03-17T13:18:39Z,0,politics,,,,,,,
188,1345,z8mYysdJvWI,UgxRjz1_3nsD5CJXFqR4AaABAg,Weak people,0,2024-03-15T19:08:16Z,0,politics,,,,,,,
189,1838,bII8AH5t6zI,UgwRkSTnzPPrqA1jqWZ4AaABAg,This skit aged so well,0,2020-10-25T07:12:25Z,0,politics,,,,,,,
190,1868,1MWbk8yGvSs,Ugw0AxxRipBfyC-8YvB4AaABAg,It&#39;s representatives from our country that are biased <br>Ssap paal rakhe he hum ne,0,2024-03-17T02:28:38Z,0,politics,,,,,,,
191,28,ivHPmjENyq8,Ugz-p4sm_tO720nxFAx4AaABAg,"HYPOCRISY: Western Media Mocks Putin&#39;s Election Win, Leaves Out That Zelensky Banned Elections<br><br>Putin reportedly received 87 percent of the Russian vote, while polls indicate that Zelensky would be trounced if he allowed Ukrainians to vote",0,2024-03-18T23:02:50Z,0,politics,,,,,,,
192,1092,EYCz_XiPTwY,UgyGlFzWJPKQ571Wgkl4AaABAg,Tomorrow kcr cm grantey üéâ,1,2023-12-01T05:53:24Z,0,politics,,,,,,,
193,277,M8EEjFLHtao,UgzAeOtG_WB8vTh8_8d4AaABAg,The man was talking about an economic blood bath.,0,2024-03-18T00:54:39Z,0,politics,,,,,,,
194,676,4k1iYKpUaKU,UgxBfE1LsE-cLRt9H-14AaABAg,This guy is trying to get out giving testimony to congress. He&#39;s launching a preemptive denial in case he&#39;s subpoenaed.,0,2021-02-02T19:24:24Z,0,politics,,,,,,,
195,1872,1MWbk8yGvSs,UgyHI_UcN-hId3h8w2V4AaABAg,If Rahul Gandhi is the Only the Congress is at an existential threat.,0,2024-03-17T02:28:38Z,0,politics,,,,,,,
196,207,2rDVp-i5l7M,Ugx803-wHKTOkss1Avl4AaABAg,She‚Äôs brain dead well let me say that he‚Äôs brain dead,0,2022-04-22T18:20:06Z,0,politics,,,,,,,
197,923,GbWgrXZ4Hxw,UgxnVkqZU7fvLx5rPEp4AaABAg,Putin‚Äôs understanding of ‚Äòdemocracy‚Äô is nonexistent.,0,2024-03-18T02:56:04Z,0,politics,,,,,,,
198,201,2rDVp-i5l7M,UgzUg4RipHabAZcc6lx4AaABAg,"Like all criminals she has a selective memory,",0,2022-04-22T18:20:06Z,0,politics,,,,,,,
199,1100,jpbWv-YKZEI,UgxY4szl1l5IgUKk-5B4AaABAg,"&quot;...118 years old.&quot; Impressive!  Good mathing on the fly, brother.",0,2024-03-06T15:57:47Z,0,politics,,,,,,,
200,979,9fufKujxeM0,Ugz-V8uSbF6KxvZvG954AaABAg,Suns took denver to 6 last year playing 2 on 5 with a roster that had been together for a total of 13 games beforehand.<br>Denver doesn‚Äôt match up well here,0,2024-03-28T05:54:22Z,0,sports,0,0,0,0,0,0,0
201,2324,wcf7azPKH-M,Ugyw8cLnl-D-1RzNVgp4AaABAg,"such a bad take, he said the same thing about Joe Burrow and now look at the Bengals.  The NFL should just ban these kids and let them play in college for the rest of their lives",0,2024-03-25T16:43:32Z,0,sports,0,0,0,1,1,0,1
202,2198,CSifismJyKY,Ugy-E3gI1-AWCCN8-BR4AaABAg,"The Jones are morons. They waste talented players. They get dollar store FAs (if they make any moves) and draft players hoping everyone is a stud. If they are going to move on from Dak, then trade him now and get picks for the future. This will quarterback purgatory in 25 and with no premium picks to replace him with, Dallas is screwed.",0,2024-03-26T18:35:31Z,0,sports,0,0,1,1,1,0,0
203,2145,FB-VuRsfWjE,UgwitP9ZT_qo4cE7ytx4AaABAg,This is 100% taken from the xfl,0,2024-03-26T21:00:08Z,0,sports,0,0,0,0,0,0,0
204,550,rRHyzKoOcQg,Ugz40vtD9ngXktyUgil4AaABAg,"If you actually did get the million, you might wanna play the lottery for real lol",23,2024-03-17T10:53:35Z,1,sports,0,0,0,0,0,0,0
205,187,yVLyWzIxhrQ,UgzBLuwTbg1QdvERFsV4AaABAg,Whitesox got rid of half their roster,0,2024-03-29T01:01:10Z,0,sports,0,0,0,0,0,0,0
206,1686,3AsTfxvgZD0,UgzM0DTlVkTsg5A5zG94AaABAg,Thats a lot of Damage,0,2024-03-27T04:23:05Z,0,sports,0,0,0,0,0,0,0
207,2338,6VSzT8lESjA,UgxP6nalUjlO7MIo0XF4AaABAg,I wish he would go to the ravens,0,2024-03-06T21:06:42Z,0,sports,0,0,0,0,0,0,0
208,1873,pCQoaTsIHxA,UgytDSfbALLTcFyX-2F4AaABAg,Let&#39;s face it!=THE SUNS were really hot on this game!,1,2024-03-06T05:43:03Z,0,sports,0,0,0,0,0,0,0
209,986,9fufKujxeM0,Ugx7cGRm5qAdSlfodDZ4AaABAg,KCP was asked on somebody&#39;s podcast last week who he believes is the biggest threat to Denver &amp; the first team he said was the Suns. If you dont believe me check it up for yourselves.,0,2024-03-28T05:54:22Z,0,sports,0,0,0,1,0,0,0
210,1952,E_MJgVPx4U0,UgwFHwizLNxumnvY_kB4AaABAg,Clips presicion if just off,0,2024-03-24T21:46:09Z,0,sports,0,0,0,0,0,0,0
211,1731,rnslgMqoAjo,UgzKdIUNvkjfjDHPIx54AaABAg,Lances brother is still in hs that‚Äôs not him,0,2024-03-20T23:13:20Z,0,sports,0,0,0,0,0,0,0
212,2343,6VSzT8lESjA,UgwhDoGwsDiy7ATWTv94AaABAg,F this dude for always hating on the panthers‚Ä¶ you gone see. Keep pounding.,0,2024-03-06T21:06:42Z,0,sports,0,0,1,1,1,0,0
213,1140,uKuqfhaTXxI,UgzCxWmGhjvt_co_REx4AaABAg,Kelly had batum and Harris in the corner but tries to be the hero,1,2024-03-28T02:15:12Z,0,sports,0,0,0,0,1,0,0
214,705,LNW4RLLrA3s,UgzSYYJqjr9WTCl1YXp4AaABAg,It&#39;s not unreal they are star athletes duh and when you a star athlete in highschool you usually play more than 1 sport so they know the mechanics they can actually play better than your average weekend warriors,0,2022-11-26T01:21:18Z,0,sports,0,0,0,0,0,0,0
215,1538,HVQv02aC3T8,UgwWKMOFKk6QiG604_14AaABAg,That I knew!!!!!,0,2024-03-19T19:00:14Z,0,sports,0,0,0,0,0,0,0
216,709,xlnGuMrfQ5g,UgxRc4HJeuH27_FFdNN4AaABAg,thes are cool,0,2023-06-17T15:28:11Z,0,sports,0,0,0,0,0,0,0
217,357,0D9GwhMIRfo,UgxJ6BmydBGMY524fbF4AaABAg,"More like night and midnight, but still an improvement",0,2024-03-07T22:15:00Z,0,sports,0,0,0,0,0,0,0
218,247,WRjco8Ax230,UgwEaAmIMiKhf3S15UJ4AaABAg,Bruh. The extra perfect game was not &quot;cheating.&quot; Dude legitimately screwed up and this is why we have challenges now.,0,2023-12-20T18:33:50Z,0,sports,0,0,0,1,1,0,0
219,648,WMGJR7XCYo0,UgxBsmuW-_4ofaQz2pZ4AaABAg,He must of liked to talk shit too got beat to death outside of a bowling alley lol,0,2024-02-26T22:09:52Z,0,sports,0,0,1,1,1,0,0
220,2076,_JVh6si434g,UgxpMw-xuWKSttl_qfZ4AaABAg,Ya‚Äôll say JJ wasn‚Äôt asked to do much at Michigan but then praise him for his 27-1 record‚Ä¶ which one is it???,0,2024-03-26T23:00:19Z,0,sports,0,0,0,1,1,0,0
221,660,WMGJR7XCYo0,Ugz-w7fMCUJoAL9e6z94AaABAg,It&#39;s called The Americans for Disabilities Act seriously anyone challenged it they would win,0,2024-02-26T22:09:52Z,0,sports,0,0,0,0,0,0,0
222,436,wdvHcqXP5Ug,Ugze1oL89bJQRyME5W14AaABAg,"not a baseball fan here, why was the announcer saying Ohtani is 0 for 1 and 1st hit during 3rd inning? was his hit during 1st inning not counted as &quot;hit&quot;? TY",0,2024-03-20T16:38:42Z,0,sports,0,0,0,0,0,0,0
223,1950,E_MJgVPx4U0,Ugx2mF_tltjNvjeUDm94AaABAg,WAY too many second chances,0,2024-03-24T21:46:09Z,0,sports,0,0,0,0,1,0,0
224,1301,sXfJJuRCWAM,UgwtkTNANq90TOiYypR4AaABAg,notice how all the bad teams have a bad logo,0,2024-03-14T23:23:13Z,0,sports,0,0,0,1,1,0,0
225,690,LNW4RLLrA3s,Ugwy0SnyMst-zvNSJEZ4AaABAg,Love that shit,0,2022-11-26T01:21:18Z,0,sports,0,0,1,0,0,0,0
226,1892,ChtjLV_XcAo,UgxjWxXoHLgC8yT5K3N4AaABAg,"You can see how a victory for the lackluster Spurs is celebrated.... with all heart.  For some reason, the Spurs seem to have the number of the Suns.",0,2024-03-26T02:28:16Z,0,sports,0,0,0,1,1,0,0
227,1209,8HcGATfF2qw,Ugwv8PwkPxhDxS1kuPt4AaABAg,"Don‚Äôt worry Kenny, A LOT of people were wrong about the Mavericks",0,2024-03-27T19:12:44Z,0,sports,0,0,0,0,0,0,1
228,59,dmWgcws4NsA,UgyFBCXe2l52JMQ44Md4AaABAg,What a fantastic start to the season. We are loaded throughout the lineup. I think some league records are gonna be broken,0,2024-03-29T05:29:32Z,0,sports,0,0,0,0,1,0,0
229,398,b0Uk_NO56Os,UgxtfU0Ik-t80S_PgDR4AaABAg,Pillar literally never saw that pitch coming,1,2023-03-28T12:28:17Z,0,sports,0,0,0,0,0,0,0
230,1866,535TeF_p4SE,Ugw-tvEEvw3BUo86xlB4AaABAg,2 magaicians on the same squad. That&#39;s nasty  üòé,0,2024-02-07T01:22:55Z,0,sports,0,0,0,1,1,0,0
231,2170,pGWhXfVfkas,UgwyjFZ3uVw8U0Ahde54AaABAg,First take is horrible,0,2024-03-27T15:14:55Z,0,sports,0,0,0,1,1,0,0
232,218,FLmhvTSVG1M,UgyE-zeehDIf5x5UJlZ4AaABAg,"The first time I ever pitched in a league  I had 3 line drives one right after the other. The first 2 I caught and the 3rd was a grounder in which I threw out the runner at 1st.  What a way, scary, and exilerating  way to start my career as a pitcher... one of my best life experiences ever. üòÅ",0,2024-01-18T23:06:00Z,0,sports,0,0,0,0,0,0,0
233,2249,HPjiGOcn_Lc,UgxqRgKdDaKXwPEGTX94AaABAg,King Henry bout to run wild,0,2024-03-25T16:21:14Z,0,sports,0,0,0,1,1,0,0
234,695,LNW4RLLrA3s,UgwOSE8UrMMZART4jk94AaABAg,Nolan threw that 86 I watched that game it was an All-Star Game,0,2022-11-26T01:21:18Z,0,sports,0,0,0,0,0,0,0
235,206,UPWr1s6PIX8,Ugzoxxo1sds7iLiFw8l4AaABAg,"Los Angeles Dodgers are going to make the World Series with Ohtani, Freeman &amp; Betts",0,2024-03-29T15:18:54Z,0,sports,0,0,0,0,1,0,0
236,1106,pzarj7IXvN0,UgzxxZ10PLiZrB-pPNN4AaABAg,Curren$y loves his city üåÜ <br>üíØüèÅüíêüíê‚öúÔ∏èüü®üü©üü™ü§ôüèæü§ôüèæ,1,2024-03-27T02:28:37Z,0,sports,0,0,0,0,0,0,0
237,1780,5QvSWc3U9tQ,Ugyah92oPX-PR4uFTON4AaABAg,You dont gotta be fast if you are smooth with it,0,2022-05-12T22:39:59Z,0,sports,0,0,0,0,0,0,0
238,754,ygv_UG1S8nA,UgzbL8PN2zVu_bH1N-J4AaABAg,Stealing first base is mind blowing. Please make a video on that üòÇ,0,2023-03-30T22:13:42Z,0,sports,0,0,0,0,1,0,0
239,2009,LChyAdpWwsA,UgxjBlTz11RqmDvScAp4AaABAg,Why not if he win he wins and i think he is capable to run,0,2024-03-14T03:27:03Z,0,sports,0,0,0,0,0,0,0
240,2352,DCPNzgK3LWc,UgzARSFtHkf8XEFCcsB4AaABAg,Kyle Trask can&#39;t be considered trash until he actually plays,0,2024-03-25T23:34:24Z,0,sports,0,0,0,0,1,0,0
241,2143,FB-VuRsfWjE,UgyL6DgJXu65B0ZyC114AaABAg,Let‚Äôs keep putting more on the refs so they can screw up even more,0,2024-03-26T21:00:08Z,0,sports,0,0,0,0,1,0,0
242,1917,rBhP64D4OGs,UgwMxykDYKZ9HGwednB4AaABAg,He lost the bet,0,2024-03-17T00:30:33Z,0,sports,0,0,0,0,0,0,0
243,1754,GECZeMTlp80,UgxZ9-WnWjBl698nmyV4AaABAg,Ok fans of gafford is here,0,2024-03-12T21:00:15Z,0,sports,0,0,0,0,0,0,0
244,771,5AvLii8Q6u4,UgxyrutVCjGeKPrMUy94AaABAg,This game DEFINES the reds season.,0,2023-06-07T05:38:59Z,0,sports,0,0,0,0,0,0,0
245,719,xlnGuMrfQ5g,UgysdTnr6qyAktH5KU14AaABAg,The Machado bobble play isn‚Äôt necessarily a good play. It was an easily catchable ball that he bobbled and should‚Äôve just caught initially.,9,2023-06-17T15:28:11Z,10,sports,0,0,0,0,0,0,0
246,512,exR0M2juDEE,UgwdZ8wcYazovjGAJDZ4AaABAg,"1:05</a> very little time to celebrate a Mookie Betts home run, all of a sudden they got another headliner coming up<br>1:16</a> very little time to celebrate a Mookie Betts home run, all of a sudden they got another headliner coming up<br><br>AI commentators at their best!",0,2024-03-28T21:19:59Z,0,sports,0,0,0,0,0,0,0
247,1652,BPkBeHAnv0g,UgwgRXdnAhHUod-Q5514AaABAg,bol bol just mad he hasn‚Äôt half of wembys determination and love for the game,2,2024-03-27T01:08:54Z,2,sports,0,0,0,0,0,0,0
248,1183,qv7a3NqZLcc,UgzesCR6OcZwmUgWMJ14AaABAg,Rashard McCants has left the chat üòÖ,0,2024-03-23T23:37:37Z,0,sports,0,0,0,0,0,0,0
249,1189,wK2d6mMwx0g,UgxGqZNfUiJjlJ7d9aZ4AaABAg,Great to see the light skins did well tonight,0,2024-03-27T04:58:13Z,0,sports,0,1,0,0,0,0,0
250,1891,ChtjLV_XcAo,UgwsIG1k8bhGWzSUVl94AaABAg,Coach Pop figured out the Suns,0,2024-03-26T02:28:16Z,0,sports,0,0,0,0,0,0,0
251,370,ohO8XB_kZMQ,UgzTp5J7gEva8btxNJV4AaABAg,"He wants the big money, for what the Jays are paying he better perform.",0,2024-03-28T22:02:28Z,0,sports,0,0,0,0,0,0,0
252,882,JCBlM3u1hSI,UgxcT-OqgmHU9o3K7C94AaABAg,With  ‚ú°Ô∏è we all lose,0,2024-03-13T03:23:29Z,0,sports,0,1,0,0,0,0,0
253,536,NbAZ2X3SqJQ,UgyREagYZYuTDfoAaL54AaABAg,Manny homerun swing is the sweetest swing next to Ken Griffey Jr,0,2024-02-07T18:04:25Z,0,sports,0,0,0,0,0,0,0
254,964,84hl2UuBHAc,UgxDG3oy-g4UnS37F5h4AaABAg,I do not care what anyone says ain&#39;t no player like Steph he sees things a lot of other players don&#39;t lol,0,2024-03-28T01:30:26Z,0,sports,0,0,0,0,0,0,0
255,1890,ChtjLV_XcAo,UgxUW7jHGQV8QRIpU3R4AaABAg,Is it me but what&#39;s up with the NETS they don&#39;t swish they like cradle the basketball never seen that before check it out,0,2024-03-26T02:28:16Z,0,sports,0,0,0,0,0,0,0
256,1991,HdDG7YkvEug,UgyCxFU1NVYJGlfGrqR4AaABAg,Happy for IT but damn they could‚Äôve gave J. Wall a chance since he Brad Beal guy,0,2024-03-21T05:20:00Z,0,sports,0,0,1,0,0,0,0
257,2380,ok94i-2wI68,UgyLnVe9TwCDqKsjLCJ4AaABAg,"Ok, yall gott be fu@#ed</a> up if Baker isn&#39;t worth 33mil/yr. Clev effed him over and he never had anywhere NEAR enough time to sync with any of the other teams he was on. He had a good year last yr, he deserves mid range pay. Which is exactly what he got!",0,2024-03-13T02:46:11Z,0,sports,0,0,1,0,0,0,0
258,195,yVLyWzIxhrQ,UgyYKVToVhMuwntOyih4AaABAg,I wish the MLB commissioner would eliminate the pitch clock violation before the season started,0,2024-03-29T01:01:10Z,0,sports,0,0,0,0,0,0,0
259,452,WfEpsD_hQxo,UgwD_yr6r7PDwnyvNlJ4AaABAg,3:59</a> I think that the one guy who busted a few nuts,0,2023-06-25T17:07:40Z,0,sports,0,0,0,1,0,0,0
260,951,rjcZgpb2w84,UgwF-hFIpLGsaeTSn254AaABAg,Rui is the owner of memphis now üòÇ,1,2024-03-28T02:33:04Z,0,sports,0,0,0,0,1,0,0
261,1856,535TeF_p4SE,Ugx-8tnUD4Rj2n3goZB4AaABAg,The best natural point guard original play,0,2024-02-07T01:22:55Z,0,sports,,,,,,,
262,497,YJnR77RSJZM,Ugz6jXz6rP2QzUkLHbt4AaABAg,"Ok, can we be real for a second and admit maybe its time to address framing when its this extreme? Like seriously, at what point does it stop being gaming and start being BS?",0,2024-02-26T18:11:28Z,0,sports,,,,,,,
263,610,CA-6C487oqM,UgzQO4qO74Mw0_cgELB4AaABAg,I hope with everything in my heart that this comes true! Let‚Äôs Go O‚Äôs!!,0,2024-03-27T20:43:34Z,0,sports,,,,,,,
264,2069,_JVh6si434g,UgxOnZAsshWdr0vzRAd4AaABAg,Drake Maye falling is insane üò≠,0,2024-03-26T23:00:19Z,1,sports,,,,,,,
265,1988,HdDG7YkvEug,UgxtsfZyYtOVbotyXWB4AaABAg,"Then he‚Äôll be begging for another contract after this 10 days up , just face it bro ,, your not a winnable piece on a team anymore just the fact you short and can‚Äôt play defense",0,2024-03-21T05:20:00Z,0,sports,,,,,,,
266,32,XSAJAzb-8r8,UgwshKyb1OguNLN1b-94AaABAg,What a way to start the season! They haven&#39;t skipped a beat.,0,2024-03-29T05:32:00Z,0,sports,,,,,,,
267,2182,pGWhXfVfkas,Ugx8y2m9SyrADaPObi94AaABAg,DO is the same person that hyped up Zach Wilson and Trey Lance üòÇ,4,2024-03-27T15:14:55Z,0,sports,,,,,,,
268,1965,DCA46T8vK7o,Ugz-53oYJ12b48J7kO14AaABAg,It really amazes me how many ppl really can‚Äôt tell this shit is riggedüòÇ Fucking handicaps,0,2024-03-10T04:14:54Z,0,sports,,,,,,,
269,2199,CSifismJyKY,Ugy_lp8oELYv0jqhSXl4AaABAg,#StartTreyLance</a>,0,2024-03-26T18:35:31Z,0,sports,,,,,,,
270,2302,mxAzxheDZag,UgzfzX_s3FrL55D7A1h4AaABAg,"As a falcon fan hurt by Arthur smith, I see he‚Äôs already ‚Äúsmithing‚Äù over in Pitt‚Ä¶ (it won‚Äôt be pretty hehe)",3,2024-03-26T23:56:32Z,4,sports,,,,,,,
271,410,GTmJgMPHZ3U,UgxDuFbGduNM03-Ks994AaABAg,I bet Ohtani doesn‚Äôt bay over .300 this year. See what I did there? Too soon? üòÇ,0,2024-03-28T20:39:08Z,0,sports,,,,,,,
272,197,yVLyWzIxhrQ,UgyRgnwX7qWnRLVAtER4AaABAg,"from 2:57</a>-2:59</a> look at Maldonado&#39;s bat, what is that? Fire or a logo?",0,2024-03-29T01:01:10Z,0,sports,,,,,,,
273,2228,vWAmEEhp72U,Ugw_y4nh8AndpHVYPo94AaABAg,"If you teo hand touch oush them foward, then they should ge down by fintagt where you pushed them.  Thats how stupid this is",0,2024-03-25T20:00:33Z,0,sports,,,,,,,
274,1849,kBniSheqDPY,UgzDvB-cadKYYPOBnih4AaABAg,Hachimura is nice he just need to be consistent,0,2024-03-03T03:52:57Z,0,sports,,,,,,,
275,2387,ok94i-2wI68,UgxDIC7ihIn71-ci98B4AaABAg,Bro had to make the banker Jewish üíÄ,0,2024-03-13T02:46:11Z,0,sports,,,,,,,
276,1577,Q9T4zd_Qhh4,UgyW52c_YXodKc8m2sd4AaABAg,Rui is going to be dangerous when he really starts to feel it,0,2024-03-23T05:08:46Z,0,sports,,,,,,,
277,96,mMPfhknfGOw,UgyhAQcBuHjbKtRO2Xp4AaABAg,"Vagiants vs Scam Diego madres, the battle for 3rd place begins üòÇü§£",0,2024-03-29T02:37:38Z,1,sports,,,,,,,
278,1178,qv7a3NqZLcc,UgzltvLK_7daaLw04394AaABAg,"Mo won. Izzac has no playmaking, and Jason Terry is a liability at the sg",0,2024-03-23T23:37:37Z,0,sports,,,,,,,
279,295,HAtHlGB78PE,UgxQynhkXks9NM05vr14AaABAg,Thanks for this. It was fun. I always look forward to watching your videos.,0,2023-11-24T15:00:15Z,0,sports,,,,,,,
280,1851,535TeF_p4SE,UgwHMORvmq2t5MxNHYd4AaABAg,Mamba Kyrie / uncle drew is back üîô at his best doing what he luv&#39;s,0,2024-02-07T01:22:55Z,0,sports,,,,,,,
281,1611,-i5JYpDP1r4,Ugx6vzICkL3nLHU7iI14AaABAg,I‚Äôm happy for TJ McConnell he‚Äôs a difference maker,1,2024-03-26T04:59:22Z,0,sports,,,,,,,
282,1962,DCA46T8vK7o,UgzXIHTEGVneIPsgpnd4AaABAg,Great W San Antonio,0,2024-03-10T04:14:54Z,0,sports,,,,,,,
283,651,WMGJR7XCYo0,Ugzt9orxtsaooqqZknB4AaABAg,"Bill Veeck was a menace apparently, kinda wish people like this were still in charge, makes things more interesting.",0,2024-02-26T22:09:52Z,0,sports,,,,,,,
284,1229,N6Ca9A5gXgg,UgxYutEWTshwBJIf3TV4AaABAg,29 pts+13 asst=55 points.  Typical luka sharing the ball. Who else can put up those numbers? Lol,1,2024-03-26T03:22:53Z,0,sports,,,,,,,
285,2205,zRJZGmrTpi8,UgyMtVcngFZFtC1FEV14AaABAg,Camera quality of a college morning show @espn,0,2024-03-26T21:15:02Z,0,sports,,,,,,,
286,700,LNW4RLLrA3s,Ugwoorqb2dJiwrz2tRh4AaABAg,"In terms of power pitchers, you start with Nolan Ryan and the rest you can just list them anyway you want.",0,2022-11-26T01:21:18Z,0,sports,,,,,,,
287,1233,54dUpNLDc90,Ugxk-UpJJnmqg2e-1zp4AaABAg,"John 3:16 For God so loved the world, that he gave his only begotten Son, that whosoever bel ieveth in him should not perish, but have everlasting life.",1,2024-03-25T01:34:15Z,0,sports,,,,,,,
288,1885,ChtjLV_XcAo,Ugw4C4eYDXK12Meb6CJ4AaABAg,Durant choked üò¢,0,2024-03-26T02:28:16Z,0,sports,,,,,,,
289,1425,B8YxYVZGWz0,UgyHlzQTVNrSpVG8pR14AaABAg,Who the hell is the white guyüòÇ,0,2024-03-22T23:42:28Z,0,sports,,,,,,,
290,62,043hGaDNyWg,Ugw-0jyHRzY1LENxsFF4AaABAg,Only thing that can stop this team are INJURIES!,0,2024-03-29T00:54:53Z,0,sports,,,,,,,
291,2040,qJjn2oKhRMQ,UgwJIHHQxQloLUOVckl4AaABAg,Was there an an mj jersey underneath the kobe one üòÇüòÇ,1,2024-03-13T16:04:13Z,0,sports,,,,,,,
292,1757,GECZeMTlp80,UgyM5QXrK4iYMYCbWVB4AaABAg,If he breaks one little record you label his entire career???üòë,0,2024-03-12T21:00:15Z,1,sports,,,,,,,
293,12,v5rjYx9V6LU,UgwzwpofDD4gpwg5UTZ4AaABAg,1:10</a> for Dodgers - 15 seconds for everyone else. Smh.,2,2024-03-29T13:14:37Z,0,sports,,,,,,,
294,181,vP18YBLPo_4,UgwE__d8-15tV8Ts70J4AaABAg,Great for Tyler O‚ÄôNeill! That‚Äôs a nice record to hold,0,2024-03-29T05:22:05Z,0,sports,,,,,,,
295,1706,3J5Z_4XkfOw,UgwiucmkI7E1Q2NJIih4AaABAg,Keep that starting lineup. It worked last season and it&#39;s working now.,0,2024-03-11T04:06:39Z,0,sports,,,,,,,
296,678,oEG14TwMOLY,UgydQR5By4x28K7OwBp4AaABAg,You should try switching to analog flick and directional hitting interface or try one or the other and see what you think,0,2024-03-28T17:00:40Z,0,sports,,,,,,,
297,1156,C0KeCy9JY40,Ugw9eCvV4Vuimhfz1bd4AaABAg,Bruh when you‚Äôre given 27 more free throws than the other team and they still almost beat you that‚Äôs pretty bad look for the league if they‚Äôre gonna continue to try and nurses these lakers to a post season,0,2024-03-25T04:34:50Z,0,sports,,,,,,,
298,1269,KhBKiUZieec,UgwksujvnlZeNdpkN4R4AaABAg,No foul,0,2024-03-28T03:34:09Z,0,sports,,,,,,,
299,161,yPCFhMTGPqU,Ugwm7dvM_Rd39kn4mSF4AaABAg,Rays gonna find the groove and fight back üî•üî•üî• üü°üîµ,0,2024-03-29T02:34:58Z,0,sports,,,,,,,